emoji_project/data/Dutch/wavs/common_voice_nl_24000635.wav|Wat een voorbeeldwerking naar de kandidaat-lidstaten moet daarvan uitgaan?|Wat een voorbeeldwerking naar de kandidaat-lidstaten moet daarvan uitgaan?
emoji_project/data/Dutch/wavs/common_voice_nl_26587784.wav|Alleen de verwerkingsindustrie en de detailhandel zullen ervan profiteren.|Alleen de verwerkingsindustrie en de detailhandel zullen ervan profiteren.
emoji_project/data/Dutch/wavs/common_voice_nl_26587456.wav|Naar mijn idee zetten wij lijnrecht koers naar een grotere samenhang.|Naar mijn idee zetten wij lijnrecht koers naar een grotere samenhang.
emoji_project/data/Dutch/wavs/common_voice_nl_23971637.wav|Tegelijkertijd is deze kwestie zeer duidelijk politiek van aard.|Tegelijkertijd is deze kwestie zeer duidelijk politiek van aard.
emoji_project/data/Dutch/wavs/common_voice_nl_23953919.wav|Er is voor e-commerce een zeker wetgevingskader nodig dat als basis dient.|Er is voor e-commerce een zeker wetgevingskader nodig dat als basis dient.
emoji_project/data/Dutch/wavs/common_voice_nl_23984946.wav|Dit pakket maatregelen is echter noodzakelijk.|Dit pakket maatregelen is echter noodzakelijk.
emoji_project/data/Dutch/wavs/common_voice_nl_23921561.wav|Aan die verleiding mag echter niet toe worden gegeven.|Aan die verleiding mag echter niet toe worden gegeven.
emoji_project/data/Dutch/wavs/common_voice_nl_24204398.wav|Want anders ontstaat er een situatie die volstrekt in tegenspraak is met onze verklaringen.|Want anders ontstaat er een situatie die volstrekt in tegenspraak is met onze verklaringen.
emoji_project/data/Dutch/wavs/common_voice_nl_23984666.wav|Lijdt men hier soms aan geheugenverlies?|Lijdt men hier soms aan geheugenverlies?
emoji_project/data/Dutch/wavs/common_voice_nl_24177852.wav|De laatste jaren is de maatschappelijke ongelijkheid toegenomen, net als de armoede.|De laatste jaren is de maatschappelijke ongelijkheid toegenomen, net als de armoede.
emoji_project/data/Dutch/wavs/common_voice_nl_23934743.wav|Dat begint eigenlijk al met de informatie over de instelling van nieuwe deskundigengroepen.|Dat begint eigenlijk al met de informatie over de instelling van nieuwe deskundigengroepen.
emoji_project/data/Dutch/wavs/common_voice_nl_24072567.wav|Daar zal het inclusieve karakter van het uitbreidingsproces worden onderstreept.|Daar zal het inclusieve karakter van het uitbreidingsproces worden onderstreept.
emoji_project/data/Dutch/wavs/common_voice_nl_26616038.wav|Wat we nodig hebben, is decentralisatie en de suprematie van het recht.|Wat we nodig hebben, is decentralisatie en de suprematie van het recht.
emoji_project/data/Dutch/wavs/common_voice_nl_26647280.wav|Dat is dus de strekking van dit mondeling amendement.|Dat is dus de strekking van dit mondeling amendement.
emoji_project/data/Dutch/wavs/common_voice_nl_24085921.wav|De eerste tests op dit gebied lijken hoopgevend.|De eerste tests op dit gebied lijken hoopgevend.
emoji_project/data/Dutch/wavs/common_voice_nl_23934638.wav|De vervoersproblemen bieden een gemakkelijk alibi.|De vervoersproblemen bieden een gemakkelijk alibi.
emoji_project/data/Dutch/wavs/common_voice_nl_26653546.wav|Hoe staat het met nieuwe verkiezingen?|Hoe staat het met nieuwe verkiezingen?
emoji_project/data/Dutch/wavs/common_voice_nl_24014844.wav|Dan kom ik nu terug op de algemene begroting.|Dan kom ik nu terug op de algemene begroting.
emoji_project/data/Dutch/wavs/common_voice_nl_24071505.wav|Ik zal de diensten vragen na te gaan of dat ook daadwerkelijk is gebeurd.|Ik zal de diensten vragen na te gaan of dat ook daadwerkelijk is gebeurd.
emoji_project/data/Dutch/wavs/common_voice_nl_26668648.wav|Hoe representatief zullen deze verkiezingen zijn?|Hoe representatief zullen deze verkiezingen zijn?
emoji_project/data/Dutch/wavs/common_voice_nl_23934629.wav|Het gemeenschappelijk standpunt heeft de rechten van de auteurs dramatisch verzwakt.|Het gemeenschappelijk standpunt heeft de rechten van de auteurs dramatisch verzwakt.
emoji_project/data/Dutch/wavs/common_voice_nl_24062872.wav|Door uiterste terughoudendheid moeten beide zijden hun inzet voor de vrede duidelijk maken.|Door uiterste terughoudendheid moeten beide zijden hun inzet voor de vrede duidelijk maken.
emoji_project/data/Dutch/wavs/common_voice_nl_24091019.wav|We moeten de regels tegen oneerlijke handel niet versoepelen maar juist handhaven.|We moeten de regels tegen oneerlijke handel niet versoepelen maar juist handhaven.
emoji_project/data/Dutch/wavs/common_voice_nl_26644498.wav|De afwijking had juist de algemene regel moeten worden.|De afwijking had juist de algemene regel moeten worden.
emoji_project/data/Dutch/wavs/common_voice_nl_23934692.wav|Dus dat is het mondelinge amendement: medeleven met het volk.|Dus dat is het mondelinge amendement: medeleven met het volk.
emoji_project/data/Dutch/wavs/common_voice_nl_23939154.wav|Maar kunt u mij ook zeggen waar de precieze antwoorden daarop gebleven zijn?|Maar kunt u mij ook zeggen waar de precieze antwoorden daarop gebleven zijn?
emoji_project/data/Dutch/wavs/common_voice_nl_26587885.wav|Ik zal me proberen te concentreren op een klein aantal zeer belangrijke onderwerpen.|Ik zal me proberen te concentreren op een klein aantal zeer belangrijke onderwerpen.
emoji_project/data/Dutch/wavs/common_voice_nl_26643681.wav|Het is nu belangrijk dat de richtsnoeren in dit verslag ten uitvoer worden gelegd.|Het is nu belangrijk dat de richtsnoeren in dit verslag ten uitvoer worden gelegd.
emoji_project/data/Dutch/wavs/common_voice_nl_26678910.wav|Mocht dit niet mogelijk blijken, dan wordt het het najaar.|Mocht dit niet mogelijk blijken, dan wordt het het najaar.
emoji_project/data/Dutch/wavs/common_voice_nl_24163267.wav|Ik vermoed dat dit een inbreuk is op de regels van het interinstitutioneel akkoord.|Ik vermoed dat dit een inbreuk is op de regels van het interinstitutioneel akkoord.
emoji_project/data/Dutch/wavs/common_voice_nl_26653612.wav|Ook heb ik voor dit dossier veel contact gehad met vakbonden.|Ook heb ik voor dit dossier veel contact gehad met vakbonden.
emoji_project/data/Dutch/wavs/common_voice_nl_26580745.wav|We weten waartoe dat heeft geleid.|We weten waartoe dat heeft geleid.
emoji_project/data/Dutch/wavs/common_voice_nl_26663705.wav|Misschien wil een aantal van ons dat, ik weet het niet.|Misschien wil een aantal van ons dat, ik weet het niet.
emoji_project/data/Dutch/wavs/common_voice_nl_23912684.wav|Het supranationale marktmechanisme heeft van ons een tegenwicht nodig.|Het supranationale marktmechanisme heeft van ons een tegenwicht nodig.
emoji_project/data/Dutch/wavs/common_voice_nl_23963687.wav|We hopen vurig dat er een akkoord komt, maar het zal moeilijk worden.|We hopen vurig dat er een akkoord komt, maar het zal moeilijk worden.
emoji_project/data/Dutch/wavs/common_voice_nl_24085889.wav|Het is allemaal heel belangrijk, maar het is ook erg willekeurig.|Het is allemaal heel belangrijk, maar het is ook erg willekeurig.
emoji_project/data/Dutch/wavs/common_voice_nl_24085843.wav|We eisen dat er geen geweld wordt gebruikt tegen deze mensen.|We eisen dat er geen geweld wordt gebruikt tegen deze mensen.
emoji_project/data/Dutch/wavs/common_voice_nl_24163701.wav|Voor die samenwerking staan uiteenlopende financiële instrumenten ter beschikking.|Voor die samenwerking staan uiteenlopende financiële instrumenten ter beschikking.
emoji_project/data/Dutch/wavs/common_voice_nl_26605432.wav|Het is niet gemakkelijk geweest.|Het is niet gemakkelijk geweest.
emoji_project/data/Dutch/wavs/common_voice_nl_26668871.wav|Wat is er mis met het ontwerp voor de financiële vooruitzichten?|Wat is er mis met het ontwerp voor de financiële vooruitzichten?
emoji_project/data/Dutch/wavs/common_voice_nl_26633513.wav|Commissaris, we verwachten concrete en snelle maatregelen van u op dit gebied.|Commissaris, we verwachten concrete en snelle maatregelen van u op dit gebied.
emoji_project/data/Dutch/wavs/common_voice_nl_26688393.wav|We moeten er aanwezig kunnen zijn en met elkaar kunnen overleggen.|We moeten er aanwezig kunnen zijn en met elkaar kunnen overleggen.
emoji_project/data/Dutch/wavs/common_voice_nl_26743310.wav|Ik zal ook de andere onderdelen van deze activiteiten nog vermelden.|Ik zal ook de andere onderdelen van deze activiteiten nog vermelden.
emoji_project/data/Dutch/wavs/common_voice_nl_23981902.wav|De commissie had daar een zeer uitgesproken mening over.|De commissie had daar een zeer uitgesproken mening over.
emoji_project/data/Dutch/wavs/common_voice_nl_23970147.wav|Wij hebben met dat alles een groot succes geboekt.|Wij hebben met dat alles een groot succes geboekt.
emoji_project/data/Dutch/wavs/common_voice_nl_24025453.wav|Dat komt omdat het verkeer zelfs sneller groeit dan de economie.|Dat komt omdat het verkeer zelfs sneller groeit dan de economie.
emoji_project/data/Dutch/wavs/common_voice_nl_26646436.wav|Hoe gaan we nu regels scheppen voor de verschillende typen inhoud?|Hoe gaan we nu regels scheppen voor de verschillende typen inhoud?
emoji_project/data/Dutch/wavs/common_voice_nl_26836711.wav|We willen dat regio's met grondwettelijke bevoegdheden een grotere rol toebedeeld krijgen.|We willen dat regio's met grondwettelijke bevoegdheden een grotere rol toebedeeld krijgen.
emoji_project/data/Dutch/wavs/common_voice_nl_23971313.wav|De rechtszekerheid zal hierdoor onherstelbare schade lijden.|De rechtszekerheid zal hierdoor onherstelbare schade lijden.
emoji_project/data/Dutch/wavs/common_voice_nl_26605143.wav|Er moeten verdere stappen worden ondernomen.|Er moeten verdere stappen worden ondernomen.
emoji_project/data/Dutch/wavs/common_voice_nl_23971901.wav|Ik kan slechts een paar zaken aan de orde stellen.|Ik kan slechts een paar zaken aan de orde stellen.
emoji_project/data/Dutch/wavs/common_voice_nl_24096965.wav|Zoals ik al zei, we zien dan graag wat er gebeurt.|Zoals ik al zei, we zien dan graag wat er gebeurt.
emoji_project/data/Dutch/wavs/common_voice_nl_24357166.wav|En wat is de kuur hiervoor?|En wat is de kuur hiervoor?
emoji_project/data/Dutch/wavs/common_voice_nl_24072666.wav|Ik kan nog in het kort zeggen welke amendementen wij aannemen en welke niet.|Ik kan nog in het kort zeggen welke amendementen wij aannemen en welke niet.
emoji_project/data/Dutch/wavs/common_voice_nl_23920771.wav|Zoals ik reeds heb gezegd, is de schade enorm.|Zoals ik reeds heb gezegd, is de schade enorm.
emoji_project/data/Dutch/wavs/common_voice_nl_26836863.wav|De humanitaire situatie is alarmerend.|De humanitaire situatie is alarmerend.
emoji_project/data/Dutch/wavs/common_voice_nl_23925509.wav|We zullen daarom vóór het verslag stemmen.|We zullen daarom vóór het verslag stemmen.
emoji_project/data/Dutch/wavs/common_voice_nl_26678093.wav|Van dit alles is nota genomen, mijnheer.|Van dit alles is nota genomen, mijnheer.
emoji_project/data/Dutch/wavs/common_voice_nl_26651808.wav|Hiervoor en voor een hoop andere dingen is bewondering zeker op zijn plaats.|Hiervoor en voor een hoop andere dingen is bewondering zeker op zijn plaats.
emoji_project/data/Dutch/wavs/common_voice_nl_26670436.wav|Dat is allemaal niets nieuws.|Dat is allemaal niets nieuws.
emoji_project/data/Dutch/wavs/common_voice_nl_23934771.wav|Er moet sprake zijn van nationale belastingheffing.|Er moet sprake zijn van nationale belastingheffing.
emoji_project/data/Dutch/wavs/common_voice_nl_26720682.wav|Ik hoop dat dit zo zal worden aanvaard.|Ik hoop dat dit zo zal worden aanvaard.
emoji_project/data/Dutch/wavs/common_voice_nl_24008547.wav|Ik beschouw dit als een grote kans.|Ik beschouw dit als een grote kans.
emoji_project/data/Dutch/wavs/common_voice_nl_23965175.wav|Dat hoort allemaal openbaar te worden.|Dat hoort allemaal openbaar te worden.
emoji_project/data/Dutch/wavs/common_voice_nl_23954194.wav|Wij hebben middelen in die regio.|Wij hebben middelen in die regio.
emoji_project/data/Dutch/wavs/common_voice_nl_26668845.wav|Wij nemen nota hiervan en zullen dit rechtzetten.|Wij nemen nota hiervan en zullen dit rechtzetten.
emoji_project/data/Dutch/wavs/common_voice_nl_26756414.wav|Het gaat om hun vaderland; zij moeten hun eigen staat weer opbouwen.|Het gaat om hun vaderland; zij moeten hun eigen staat weer opbouwen.
emoji_project/data/Dutch/wavs/common_voice_nl_26836997.wav|Ik heb daar niet echt een antwoord op.|Ik heb daar niet echt een antwoord op.
emoji_project/data/Dutch/wavs/common_voice_nl_23935445.wav|Als iemand wil kan hij die vermelden, anders doet hij het niet.|Als iemand wil kan hij die vermelden, anders doet hij het niet.
emoji_project/data/Dutch/wavs/common_voice_nl_26633584.wav|Ik zal proberen kort te reageren.|Ik zal proberen kort te reageren.
emoji_project/data/Dutch/wavs/common_voice_nl_23971266.wav|Dat hebben we in de commissie ook al besproken.|Dat hebben we in de commissie ook al besproken.
emoji_project/data/Dutch/wavs/common_voice_nl_24014506.wav|Er zijn echter ook producten, bepaalde vitamines en mineralen, die niet zonder gevaar zijn.|Er zijn echter ook producten, bepaalde vitamines en mineralen, die niet zonder gevaar zijn.
emoji_project/data/Dutch/wavs/common_voice_nl_26659064.wav|De wereld is in beweging en er doen zich nieuwe problemen voor.|De wereld is in beweging en er doen zich nieuwe problemen voor.
emoji_project/data/Dutch/wavs/common_voice_nl_26735133.wav|De milieubeweging moet haar eisen over het stoppen van de visvangst intrekken.|De milieubeweging moet haar eisen over het stoppen van de visvangst intrekken.
emoji_project/data/Dutch/wavs/common_voice_nl_26659046.wav|Op de lange duur zal dit ook zijn eigen personeelsbeleid ten goede komen.|Op de lange duur zal dit ook zijn eigen personeelsbeleid ten goede komen.
emoji_project/data/Dutch/wavs/common_voice_nl_26633149.wav|Wij zullen iets opbouwen dat toekomst heeft omdat het wortels heeft.|Wij zullen iets opbouwen dat toekomst heeft omdat het wortels heeft.
emoji_project/data/Dutch/wavs/common_voice_nl_24018066.wav|Aan de verschillende bijdragen van de sprekers is dit duidelijk af te lezen.|Aan de verschillende bijdragen van de sprekers is dit duidelijk af te lezen.
emoji_project/data/Dutch/wavs/common_voice_nl_23925584.wav|Daarom kunnen wij niet aanvaarden dat kwijting wordt verleend.|Daarom kunnen wij niet aanvaarden dat kwijting wordt verleend.
emoji_project/data/Dutch/wavs/common_voice_nl_26644477.wav|Maar het proces moet doorgaan en de werkwijze moet open blijven.|Maar het proces moet doorgaan en de werkwijze moet open blijven.
emoji_project/data/Dutch/wavs/common_voice_nl_23934933.wav|In dit geval ontbrak ons die tijd.|In dit geval ontbrak ons die tijd.
emoji_project/data/Dutch/wavs/common_voice_nl_24221511.wav|In dat kader hadden wij voor onszelf twee doelstellingen vooropgesteld.|In dat kader hadden wij voor onszelf twee doelstellingen vooropgesteld.
emoji_project/data/Dutch/wavs/common_voice_nl_24040728.wav|Inderdaad, wij zullen de gewenste wijzigingen in de notulen aanbrengen.|Inderdaad, wij zullen de gewenste wijzigingen in de notulen aanbrengen.
emoji_project/data/Dutch/wavs/common_voice_nl_26787085.wav|We hebben bereikt dat zeldzame ziekten eindelijk de nodige aandacht krijgen.|We hebben bereikt dat zeldzame ziekten eindelijk de nodige aandacht krijgen.
emoji_project/data/Dutch/wavs/common_voice_nl_23912302.wav|Onze houding bij de eindstemming hangt af van de amendementen die zullen worden aangenomen.|Onze houding bij de eindstemming hangt af van de amendementen die zullen worden aangenomen.
emoji_project/data/Dutch/wavs/common_voice_nl_26617806.wav|Dat brengt mij bij mijn tweede punt.|Dat brengt mij bij mijn tweede punt.
emoji_project/data/Dutch/wavs/common_voice_nl_24194012.wav|Dat is nu echter precies wat dit voorstel doet.|Dat is nu echter precies wat dit voorstel doet.
emoji_project/data/Dutch/wavs/common_voice_nl_23953925.wav|Dit vereist op zijn beurt flexibiliteit in de contractprocedure.|Dit vereist op zijn beurt flexibiliteit in de contractprocedure.
emoji_project/data/Dutch/wavs/common_voice_nl_23985967.wav|De arme landen zijn ongerust.|De arme landen zijn ongerust.
emoji_project/data/Dutch/wavs/common_voice_nl_26756683.wav|Toch kunnen hier en daar wellicht nog enkele verbeteringen worden aangebracht.|Toch kunnen hier en daar wellicht nog enkele verbeteringen worden aangebracht.
emoji_project/data/Dutch/wavs/common_voice_nl_23995531.wav|Ik moet de rapporteur vragen hoe hij daartegenover staat.|Ik moet de rapporteur vragen hoe hij daartegenover staat.
emoji_project/data/Dutch/wavs/common_voice_nl_26758460.wav|Degenen die van de mondialisering een bedreiging proberen te maken, vergissen zich volkomen.|Degenen die van de mondialisering een bedreiging proberen te maken, vergissen zich volkomen.
emoji_project/data/Dutch/wavs/common_voice_nl_24257715.wav|En wat is bij het huidige tempo dan het vooruitzicht van deze hervorming?|En wat is bij het huidige tempo dan het vooruitzicht van deze hervorming?
emoji_project/data/Dutch/wavs/common_voice_nl_23970047.wav|We willen die onafhankelijke controle, omdat daarmee ook meer transparantie kan worden verkregen.|We willen die onafhankelijke controle, omdat daarmee ook meer transparantie kan worden verkregen.
emoji_project/data/Dutch/wavs/common_voice_nl_24014871.wav|Het draait immers overduidelijk om stimulering, kennisuitwisseling en monitoring.|Het draait immers overduidelijk om stimulering, kennisuitwisseling en monitoring.
emoji_project/data/Dutch/wavs/common_voice_nl_26616767.wav|Op die manier zorgen we voor een geweldig probleem.|Op die manier zorgen we voor een geweldig probleem.
emoji_project/data/Dutch/wavs/common_voice_nl_23914652.wav|Er zijn veel gebieden waarop men had kunnen bezuinigen.|Er zijn veel gebieden waarop men had kunnen bezuinigen.
emoji_project/data/Dutch/wavs/common_voice_nl_26769451.wav|Deze scoren onder het gemiddelde wat properheid betreft.|Deze scoren onder het gemiddelde wat properheid betreft.
emoji_project/data/Dutch/wavs/common_voice_nl_23954067.wav|Hoe worden de mensen gerekruteerd en hoe maken zij promotie?|Hoe worden de mensen gerekruteerd en hoe maken zij promotie?
emoji_project/data/Dutch/wavs/common_voice_nl_23935145.wav|Deze ontwikkeling brengt op korte en lange termijn voordelen voor beide partijen.|Deze ontwikkeling brengt op korte en lange termijn voordelen voor beide partijen.
emoji_project/data/Dutch/wavs/common_voice_nl_26605457.wav|Het betekent dat de netwerken worden vernietigd en er geen nieuwe ontstaan.|Het betekent dat de netwerken worden vernietigd en er geen nieuwe ontstaan.
emoji_project/data/Dutch/wavs/common_voice_nl_26735124.wav|Voor de geloofwaardigheid is het noodzakelijk dat beide partijen zich hiervoor inspannen.|Voor de geloofwaardigheid is het noodzakelijk dat beide partijen zich hiervoor inspannen.
emoji_project/data/Dutch/wavs/common_voice_nl_23947588.wav|We hebben in dit geval geen alternatief.|We hebben in dit geval geen alternatief.
emoji_project/data/Dutch/wavs/common_voice_nl_26587679.wav|Wij hebben gezorgd voor vijf begrotingsposten voor de derde wereld.|Wij hebben gezorgd voor vijf begrotingsposten voor de derde wereld.
emoji_project/data/Dutch/wavs/common_voice_nl_24257712.wav|Zoals u ziet gebeurt dat aan mijn rechterzijde.|Zoals u ziet gebeurt dat aan mijn rechterzijde.
emoji_project/data/Dutch/wavs/common_voice_nl_24062899.wav|In de eerste plaats wil ik uiteraard mijn grote bezorgdheid omtrent de toestand benadrukken.|In de eerste plaats wil ik uiteraard mijn grote bezorgdheid omtrent de toestand benadrukken.
emoji_project/data/Dutch/wavs/common_voice_nl_26991552.wav|De boetes zijn van een bespottelijk laag niveau.|De boetes zijn van een bespottelijk laag niveau.
emoji_project/data/Dutch/wavs/common_voice_nl_26616247.wav|Er zijn echter enkele vraagstukken waar ik hier de aandacht op wil vestigen.|Er zijn echter enkele vraagstukken waar ik hier de aandacht op wil vestigen.
emoji_project/data/Dutch/wavs/common_voice_nl_23971337.wav|Dus nog los van de subsidiariteit die ieder van ons respecteert, gaat het daarover.|Dus nog los van de subsidiariteit die ieder van ons respecteert, gaat het daarover.
emoji_project/data/Dutch/wavs/common_voice_nl_23935469.wav|Ontwikkeling moet opgevat worden als uitbreiding van de vrijheden voor iedereen.|Ontwikkeling moet opgevat worden als uitbreiding van de vrijheden voor iedereen.
emoji_project/data/Dutch/wavs/common_voice_nl_26757635.wav|Die tekst verkies ik boven het compromis van de drie grootste fracties.|Die tekst verkies ik boven het compromis van de drie grootste fracties.
emoji_project/data/Dutch/wavs/common_voice_nl_26645466.wav|We lijken zulke strafmaatregelen eerder voor te behouden voor onze eigen industrie.|We lijken zulke strafmaatregelen eerder voor te behouden voor onze eigen industrie.
emoji_project/data/Dutch/wavs/common_voice_nl_24006538.wav|Ik zal daarover een afzonderlijk verslag voorleggen.|Ik zal daarover een afzonderlijk verslag voorleggen.
emoji_project/data/Dutch/wavs/common_voice_nl_26678614.wav|Ik zeg dat ter attentie van een aantal afgevaardigden die dat niet willen.|Ik zeg dat ter attentie van een aantal afgevaardigden die dat niet willen.
emoji_project/data/Dutch/wavs/common_voice_nl_26779584.wav|Wreedheid mag men nooit beantwoorden met wreedheid.|Wreedheid mag men nooit beantwoorden met wreedheid.
emoji_project/data/Dutch/wavs/common_voice_nl_26688368.wav|Er diende bij deze toekenning dus rekening te worden gehouden met meerdere factoren.|Er diende bij deze toekenning dus rekening te worden gehouden met meerdere factoren.
emoji_project/data/Dutch/wavs/common_voice_nl_26645409.wav|Onze samenleving moet op bepaalde gebieden morele grenzen trekken die niet overschreden mogen worden.|Onze samenleving moet op bepaalde gebieden morele grenzen trekken die niet overschreden mogen worden.
emoji_project/data/Dutch/wavs/common_voice_nl_23943949.wav|Er zijn reeds vragen gesteld maar dit volstaat niet.|Er zijn reeds vragen gesteld maar dit volstaat niet.
emoji_project/data/Dutch/wavs/common_voice_nl_23954186.wav|Het actieplan is gebaseerd op onze huidige betrokkenheid en legt een aantal prioriteiten vast.|Het actieplan is gebaseerd op onze huidige betrokkenheid en legt een aantal prioriteiten vast.
emoji_project/data/Dutch/wavs/common_voice_nl_24062910.wav|Daarover kan geen twijfel bestaan.|Daarover kan geen twijfel bestaan.
emoji_project/data/Dutch/wavs/common_voice_nl_24177799.wav|Gelukkig waren deze ontwikkelingen van relatief korte duur.|Gelukkig waren deze ontwikkelingen van relatief korte duur.
emoji_project/data/Dutch/wavs/common_voice_nl_26617839.wav|Tenzij ik andere signalen krijg, blijft dat het geval.|Tenzij ik andere signalen krijg, blijft dat het geval.
emoji_project/data/Dutch/wavs/common_voice_nl_26685847.wav|In dit verband zullen we het verdere verloop moeten afwachten.|In dit verband zullen we het verdere verloop moeten afwachten.
emoji_project/data/Dutch/wavs/common_voice_nl_26787236.wav|Ze heeft zich ingespannen om ons een evenwichtige begroting voor te leggen.|Ze heeft zich ingespannen om ons een evenwichtige begroting voor te leggen.
emoji_project/data/Dutch/wavs/common_voice_nl_23944173.wav|Wij hebben hier te maken met een complexe situatie.|Wij hebben hier te maken met een complexe situatie.
emoji_project/data/Dutch/wavs/common_voice_nl_23917502.wav|We willen ons geen illusies maken.|We willen ons geen illusies maken.
emoji_project/data/Dutch/wavs/common_voice_nl_24204127.wav|Hoe kan een en ander worden geverifieerd?|Hoe kan een en ander worden geverifieerd?
emoji_project/data/Dutch/wavs/common_voice_nl_26645563.wav|Hierbij komen veel vragen op.|Hierbij komen veel vragen op.
emoji_project/data/Dutch/wavs/common_voice_nl_23982871.wav|Het derde punt betreft het seksuele verkeer van homoseksuele mannen.|Het derde punt betreft het seksuele verkeer van homoseksuele mannen.
emoji_project/data/Dutch/wavs/common_voice_nl_26634374.wav|Het draait niet alleen om energie!|Het draait niet alleen om energie!
emoji_project/data/Dutch/wavs/common_voice_nl_23923042.wav|De taal is voor eenieder onder ons de meest directe uiting van onze cultuur.|De taal is voor eenieder onder ons de meest directe uiting van onze cultuur.
emoji_project/data/Dutch/wavs/common_voice_nl_26753904.wav|Dat is de les van de eurocrisis.|Dat is de les van de eurocrisis.
emoji_project/data/Dutch/wavs/common_voice_nl_26670424.wav|Het is een feit; het is de realiteit.|Het is een feit; het is de realiteit.
emoji_project/data/Dutch/wavs/common_voice_nl_23914624.wav|Er bestaat geen wetenschappelijke of objectieve basis voor zo’n sluitingsdatum.|Er bestaat geen wetenschappelijke of objectieve basis voor zo’n sluitingsdatum.
emoji_project/data/Dutch/wavs/common_voice_nl_23969989.wav|De vraag is met welke middelen hij kan worden ontwapend.|De vraag is met welke middelen hij kan worden ontwapend.
emoji_project/data/Dutch/wavs/common_voice_nl_26646205.wav|Ieder jaar worden meer geld, meer middelen gevraagd.|Ieder jaar worden meer geld, meer middelen gevraagd.
emoji_project/data/Dutch/wavs/common_voice_nl_23982835.wav|Ik denk niet dat dat lukt.|Ik denk niet dat dat lukt.
emoji_project/data/Dutch/wavs/common_voice_nl_26836763.wav|Want dat zou kunnen gebeuren.|Want dat zou kunnen gebeuren.
emoji_project/data/Dutch/wavs/common_voice_nl_26685849.wav|Dat is het enige wat u kunt doen.|Dat is het enige wat u kunt doen.
emoji_project/data/Dutch/wavs/common_voice_nl_23917423.wav|De derde prioriteit waar we naar gekeken hebben, is het bedrijvenklimaat.|De derde prioriteit waar we naar gekeken hebben, is het bedrijvenklimaat.
emoji_project/data/Dutch/wavs/common_voice_nl_26991401.wav|Ik wil graag twee korte opmerkingen maken.|Ik wil graag twee korte opmerkingen maken.
emoji_project/data/Dutch/wavs/common_voice_nl_24204121.wav|De procedure moet op een juiste wijze verlopen.|De procedure moet op een juiste wijze verlopen.
emoji_project/data/Dutch/wavs/common_voice_nl_23935281.wav|Het is uiteraard absoluut cruciaal dat ze toegang tot informatie hebben.|Het is uiteraard absoluut cruciaal dat ze toegang tot informatie hebben.
emoji_project/data/Dutch/wavs/common_voice_nl_26598795.wav|Mijn vraag is geenszins ingegeven door de wens kritiek te hebben.|Mijn vraag is geenszins ingegeven door de wens kritiek te hebben.
emoji_project/data/Dutch/wavs/common_voice_nl_26580931.wav|Dat proberen we in ons verslag op een constructieve manier te doen.|Dat proberen we in ons verslag op een constructieve manier te doen.
emoji_project/data/Dutch/wavs/common_voice_nl_26659079.wav|Erger nog: de daden spreken de woorden tegen.|Erger nog: de daden spreken de woorden tegen.
emoji_project/data/Dutch/wavs/common_voice_nl_26580662.wav|Dat is een uitstekend idee.|Dat is een uitstekend idee.
emoji_project/data/Dutch/wavs/common_voice_nl_24040954.wav|Zweden is hier een uitstekend voorbeeld van.|Zweden is hier een uitstekend voorbeeld van.
emoji_project/data/Dutch/wavs/common_voice_nl_24163250.wav|Die schade zou desastreuze gevolgen kunnen hebben.|Die schade zou desastreuze gevolgen kunnen hebben.
emoji_project/data/Dutch/wavs/common_voice_nl_26587905.wav|Dat is een klein verschil.|Dat is een klein verschil.
emoji_project/data/Dutch/wavs/common_voice_nl_24357107.wav|Ondanks de uiteenlopende belangen en de complexiteit van de kwestie zijn al vorderingen gemaakt.|Ondanks de uiteenlopende belangen en de complexiteit van de kwestie zijn al vorderingen gemaakt.
emoji_project/data/Dutch/wavs/common_voice_nl_26735114.wav|Het is het enige statuut in de wereld dat zoveel getallen en details bevat.|Het is het enige statuut in de wereld dat zoveel getallen en details bevat.
emoji_project/data/Dutch/wavs/common_voice_nl_24357068.wav|Met de eerste regel van de ontwerpresolutie heb ik geen problemen.|Met de eerste regel van de ontwerpresolutie heb ik geen problemen.
emoji_project/data/Dutch/wavs/common_voice_nl_26644247.wav|De boeren zelf hebben het ontdekt.|De boeren zelf hebben het ontdekt.
emoji_project/data/Dutch/wavs/common_voice_nl_26580844.wav|Een kleine blik naar de toekomst nog.|Een kleine blik naar de toekomst nog.
emoji_project/data/Dutch/wavs/common_voice_nl_26754091.wav|Herverzekeraars moeten ook onder deze richtlijn vallen.|Herverzekeraars moeten ook onder deze richtlijn vallen.
emoji_project/data/Dutch/wavs/common_voice_nl_23957179.wav|Maar zoals altijd gaat het om controle.|Maar zoals altijd gaat het om controle.
emoji_project/data/Dutch/wavs/common_voice_nl_23934808.wav|Ze hebben behoefte aan strenge quota.|Ze hebben behoefte aan strenge quota.
emoji_project/data/Dutch/wavs/common_voice_nl_23970014.wav|Anderen speculeren liever op onzekerheid, op angst en zogenaamde ontevredenheid.|Anderen speculeren liever op onzekerheid, op angst en zogenaamde ontevredenheid.
emoji_project/data/Dutch/wavs/common_voice_nl_23911111.wav|Want hoe zit het met de kinderen?|Want hoe zit het met de kinderen?
emoji_project/data/Dutch/wavs/common_voice_nl_23923819.wav|Ik hoop en bid dat de markten u zullen breken.|Ik hoop en bid dat de markten u zullen breken.
emoji_project/data/Dutch/wavs/common_voice_nl_26616061.wav|We moeten een actieve strijd voeren tegen fraude en namaak.|We moeten een actieve strijd voeren tegen fraude en namaak.
emoji_project/data/Dutch/wavs/common_voice_nl_23963950.wav|Daarom is het pact op zich een goed idee.|Daarom is het pact op zich een goed idee.
emoji_project/data/Dutch/wavs/common_voice_nl_26646302.wav|Die overheersende invloed van anderen kan voor ons namelijk echt niet door de beugel.|Die overheersende invloed van anderen kan voor ons namelijk echt niet door de beugel.
emoji_project/data/Dutch/wavs/common_voice_nl_23911437.wav|Ook op dit gebied moeten hygiëne en scheiding op de eerste plaats komen.|Ook op dit gebied moeten hygiëne en scheiding op de eerste plaats komen.
emoji_project/data/Dutch/wavs/common_voice_nl_26991440.wav|Nog belangrijker is echter de capaciteit om voedsel te produceren.|Nog belangrijker is echter de capaciteit om voedsel te produceren.
emoji_project/data/Dutch/wavs/common_voice_nl_24052604.wav|Helaas gebeuren deze dingen op het internet.|Helaas gebeuren deze dingen op het internet.
emoji_project/data/Dutch/wavs/common_voice_nl_24257685.wav|Ik wil graag concreet op enkele onderwerpen ingaan, en allereerst op de klimaatbescherming.|Ik wil graag concreet op enkele onderwerpen ingaan, en allereerst op de klimaatbescherming.
emoji_project/data/Dutch/wavs/common_voice_nl_26732232.wav|Wij willen in elk geval dat tafelwijnen anders worden geëtiketteerd dan kwaliteitswijnen.|Wij willen in elk geval dat tafelwijnen anders worden geëtiketteerd dan kwaliteitswijnen.
emoji_project/data/Dutch/wavs/common_voice_nl_26688395.wav|Dat heeft dan betrekking op het compromis waarin amendementen zijn overgenomen en ingetrokken.|Dat heeft dan betrekking op het compromis waarin amendementen zijn overgenomen en ingetrokken.
emoji_project/data/Dutch/wavs/common_voice_nl_26769399.wav|Wij moeten ons niet blindstaren op de negatieve aspecten van deze gebeurtenissen.|Wij moeten ons niet blindstaren op de negatieve aspecten van deze gebeurtenissen.
emoji_project/data/Dutch/wavs/common_voice_nl_23957174.wav|Voor de zomer zou er een formeel voorstel moeten worden ingediend.|Voor de zomer zou er een formeel voorstel moeten worden ingediend.
emoji_project/data/Dutch/wavs/common_voice_nl_23911163.wav|En waarom breekt die klomp?|En waarom breekt die klomp?
emoji_project/data/Dutch/wavs/common_voice_nl_26634108.wav|Daarvoor moet je naar het constitutioneel hof stappen of naar de electorale raad.|Daarvoor moet je naar het constitutioneel hof stappen of naar de electorale raad.
emoji_project/data/Dutch/wavs/common_voice_nl_26668738.wav|Deze affaire staat niet op zichzelf.|Deze affaire staat niet op zichzelf.
emoji_project/data/Dutch/wavs/common_voice_nl_24163439.wav|Hoeveel meer gewicht zouden we op internationaal vlak in de schaal kunnen leggen!|Hoeveel meer gewicht zouden we op internationaal vlak in de schaal kunnen leggen!
emoji_project/data/Dutch/wavs/common_voice_nl_26688372.wav|Wij hebben op dat gebied al goed werk geleverd.|Wij hebben op dat gebied al goed werk geleverd.
emoji_project/data/Dutch/wavs/common_voice_nl_24221465.wav|In veel gevallen kan de eenstemmigheidsregel bij de besluitvorming hieraan bijdragen.|In veel gevallen kan de eenstemmigheidsregel bij de besluitvorming hieraan bijdragen.
emoji_project/data/Dutch/wavs/common_voice_nl_24019995.wav|Ten tweede moeten wij de justitiële samenwerking verder uitbouwen.|Ten tweede moeten wij de justitiële samenwerking verder uitbouwen.
emoji_project/data/Dutch/wavs/common_voice_nl_26668778.wav|Ik herhaal daarom dat zelfstandige vissers niet in de richtlijn zijn opgenomen.|Ik herhaal daarom dat zelfstandige vissers niet in de richtlijn zijn opgenomen.
emoji_project/data/Dutch/wavs/common_voice_nl_27077520.wav|De redenen voor die verwerping zijn als volgt.|De redenen voor die verwerping zijn als volgt.
emoji_project/data/Dutch/wavs/common_voice_nl_23944202.wav|Wij zijn tegen onverantwoord beheer en wij willen dat radioactief afval veilig wordt opgeslagen.|Wij zijn tegen onverantwoord beheer en wij willen dat radioactief afval veilig wordt opgeslagen.
emoji_project/data/Dutch/wavs/common_voice_nl_26659085.wav|Gratis energie-audits voor huizen, beter openbaar vervoer, lokale en regionale voedselproductie.|Gratis energie-audits voor huizen, beter openbaar vervoer, lokale en regionale voedselproductie.
emoji_project/data/Dutch/wavs/common_voice_nl_24020851.wav|Dit is een heel gevoelig onderwerp – de rechtspraktijk varieert immer sterk per lidstaat.|Dit is een heel gevoelig onderwerp – de rechtspraktijk varieert immer sterk per lidstaat.
emoji_project/data/Dutch/wavs/common_voice_nl_26633104.wav|U zult moeten toegeven dat dit onvoorstelbaar is en een reëel probleem vormt.|U zult moeten toegeven dat dit onvoorstelbaar is en een reëel probleem vormt.
emoji_project/data/Dutch/wavs/common_voice_nl_23947561.wav|Het was voor mij een eer om aan dit proces deel te mogen nemen.|Het was voor mij een eer om aan dit proces deel te mogen nemen.
emoji_project/data/Dutch/wavs/common_voice_nl_24140794.wav|Zo vastberaden was men dan ook niet met het besparingsdoel.|Zo vastberaden was men dan ook niet met het besparingsdoel.
emoji_project/data/Dutch/wavs/common_voice_nl_23982803.wav|We hebben prachtige nota's, maar daar blijft het bij.|We hebben prachtige nota's, maar daar blijft het bij.
emoji_project/data/Dutch/wavs/common_voice_nl_26678621.wav|Ook dat ontbreekt nog, en dat leidt tot misbruik.|Ook dat ontbreekt nog, en dat leidt tot misbruik.
emoji_project/data/Dutch/wavs/common_voice_nl_26598698.wav|Helaas zijn de werkzaamheden voor het jaarprogramma niet altijd even goed verlopen.|Helaas zijn de werkzaamheden voor het jaarprogramma niet altijd even goed verlopen.
emoji_project/data/Dutch/wavs/common_voice_nl_23923838.wav|De overgrote meerderheid van de uitgaven vindt dus in overeenstemming met de regels plaats.|De overgrote meerderheid van de uitgaven vindt dus in overeenstemming met de regels plaats.
emoji_project/data/Dutch/wavs/common_voice_nl_23934814.wav|Ik verzoek u om een duidelijk antwoord.|Ik verzoek u om een duidelijk antwoord.
emoji_project/data/Dutch/wavs/common_voice_nl_26670384.wav|Beide elementen in de vergelijking moeten op hetzelfde moment worden gerealiseerd.|Beide elementen in de vergelijking moeten op hetzelfde moment worden gerealiseerd.
emoji_project/data/Dutch/wavs/common_voice_nl_26655561.wav|Deze eenheid is onze kracht.|Deze eenheid is onze kracht.
emoji_project/data/Dutch/wavs/common_voice_nl_24072547.wav|We hebben nu te maken met schriftelijke stemverklaringen.|We hebben nu te maken met schriftelijke stemverklaringen.
emoji_project/data/Dutch/wavs/common_voice_nl_26616682.wav|Deze controversiële kwestie zal de komende twee jaar op ons allemaal van invloed zijn.|Deze controversiële kwestie zal de komende twee jaar op ons allemaal van invloed zijn.
emoji_project/data/Dutch/wavs/common_voice_nl_26670574.wav|Ik geloof dat we geen keus hebben.|Ik geloof dat we geen keus hebben.
emoji_project/data/Dutch/wavs/common_voice_nl_23963949.wav|Dat is het gevaar dat we zelf voor het asielrecht creëren.|Dat is het gevaar dat we zelf voor het asielrecht creëren.
emoji_project/data/Dutch/wavs/common_voice_nl_26651866.wav|De voorstellen die op tafel liggen, liggen in velerlei opzicht zeer gevoelig.|De voorstellen die op tafel liggen, liggen in velerlei opzicht zeer gevoelig.
emoji_project/data/Dutch/wavs/common_voice_nl_24088828.wav|We hadden het door u in alle wijsheid genomen besluit geaccepteerd.|We hadden het door u in alle wijsheid genomen besluit geaccepteerd.
emoji_project/data/Dutch/wavs/common_voice_nl_23968665.wav|Welke misdadigers willen zij beschermen?|Welke misdadigers willen zij beschermen?
emoji_project/data/Dutch/wavs/common_voice_nl_26645768.wav|Religies of culturen mogen echter onder geen enkele voorwaarde vijandig worden bejegend.|Religies of culturen mogen echter onder geen enkele voorwaarde vijandig worden bejegend.
emoji_project/data/Dutch/wavs/common_voice_nl_26756718.wav|Tegelijkertijd hebben we onze visie op de publicatie van de notulen niet gewijzigd.|Tegelijkertijd hebben we onze visie op de publicatie van de notulen niet gewijzigd.
emoji_project/data/Dutch/wavs/common_voice_nl_24014561.wav|Het recht moet worden gerespecteerd.|Het recht moet worden gerespecteerd.
emoji_project/data/Dutch/wavs/common_voice_nl_26616573.wav|Ik denk dat we daar iets aan moeten doen.|Ik denk dat we daar iets aan moeten doen.
emoji_project/data/Dutch/wavs/common_voice_nl_26643371.wav|De stemming vindt tijdens de eerste plenaire vergadering in oktober plaats.|De stemming vindt tijdens de eerste plenaire vergadering in oktober plaats.
emoji_project/data/Dutch/wavs/common_voice_nl_23969158.wav|Nu kennen we een wildgroei van verschillende jaarverslagen van verschillende instellingen.|Nu kennen we een wildgroei van verschillende jaarverslagen van verschillende instellingen.
emoji_project/data/Dutch/wavs/common_voice_nl_24357060.wav|Wij willen wereldwijd een kansrijke positie innemen in de kennissamenleving.|Wij willen wereldwijd een kansrijke positie innemen in de kennissamenleving.
emoji_project/data/Dutch/wavs/common_voice_nl_26732212.wav|Het is nu duidelijk over welke vraagstukken nog wordt gediscussieerd.|Het is nu duidelijk over welke vraagstukken nog wordt gediscussieerd.
emoji_project/data/Dutch/wavs/common_voice_nl_23958319.wav|Aan visserijproducten bestaat er echter een tekort.|Aan visserijproducten bestaat er echter een tekort.
emoji_project/data/Dutch/wavs/common_voice_nl_26639197.wav|Er moeten meer alternatieve energiebronnen gebruikt worden en minder fossiele brandstoffen.|Er moeten meer alternatieve energiebronnen gebruikt worden en minder fossiele brandstoffen.
emoji_project/data/Dutch/wavs/common_voice_nl_26670430.wav|Er viel immers geen eer te behalen.|Er viel immers geen eer te behalen.
emoji_project/data/Dutch/wavs/common_voice_nl_23945548.wav|Deze vluchtige stoffen zijn bijzonder giftig voor mens en milieu.|Deze vluchtige stoffen zijn bijzonder giftig voor mens en milieu.
emoji_project/data/Dutch/wavs/common_voice_nl_24277508.wav|Dat is de tekst die ik heb gesteund.|Dat is de tekst die ik heb gesteund.
emoji_project/data/Dutch/wavs/common_voice_nl_24006551.wav|Tweede eis: meer en betere controles.|Tweede eis: meer en betere controles.
emoji_project/data/Dutch/wavs/common_voice_nl_23985569.wav|Het is niet verboden om op een schip meer veiligheidsmaatregelen te treffen.|Het is niet verboden om op een schip meer veiligheidsmaatregelen te treffen.
emoji_project/data/Dutch/wavs/common_voice_nl_23914779.wav|Dit verslag is dus een zeer waardevolle steun voor onze burgers!|Dit verslag is dus een zeer waardevolle steun voor onze burgers!
emoji_project/data/Dutch/wavs/common_voice_nl_24057922.wav|Ik zou dat onder eed verklaren, als dat hier de gewoonte was.|Ik zou dat onder eed verklaren, als dat hier de gewoonte was.
emoji_project/data/Dutch/wavs/common_voice_nl_26753915.wav|Het moet gezegd worden dat de rest van het actieplan niets nieuws bevat.|Het moet gezegd worden dat de rest van het actieplan niets nieuws bevat.
emoji_project/data/Dutch/wavs/common_voice_nl_24177780.wav|Ik ben ervan overtuigd dat wij uitdrukkelijk zullen zeggen dat wij het voorzorgsprincipe toepassen.|Ik ben ervan overtuigd dat wij uitdrukkelijk zullen zeggen dat wij het voorzorgsprincipe toepassen.
emoji_project/data/Dutch/wavs/common_voice_nl_24089756.wav|Dit resultaat toont aan dat de rapporteur uitstekend werk heeft geleverd.|Dit resultaat toont aan dat de rapporteur uitstekend werk heeft geleverd.
emoji_project/data/Dutch/wavs/common_voice_nl_23944171.wav|Een goede follow-up is belangrijk, zodat indien nodig aanvullende maatregelen genomen kunnen worden.|Een goede follow-up is belangrijk, zodat indien nodig aanvullende maatregelen genomen kunnen worden.
emoji_project/data/Dutch/wavs/common_voice_nl_26580742.wav|Dit is vanwege de omvang hiervan nog een verdere essentiële uitdaging.|Dit is vanwege de omvang hiervan nog een verdere essentiële uitdaging.
emoji_project/data/Dutch/wavs/common_voice_nl_23984895.wav|Laten we aantonen dat we tegen de uitdaging opgewassen zijn.|Laten we aantonen dat we tegen de uitdaging opgewassen zijn.
emoji_project/data/Dutch/wavs/common_voice_nl_26646272.wav|Het is duidelijk dat dat niet heeft gewerkt.|Het is duidelijk dat dat niet heeft gewerkt.
emoji_project/data/Dutch/wavs/common_voice_nl_26605135.wav|Dat zou wederom een concurrentievoordeel opleveren voor de grote concerns.|Dat zou wederom een concurrentievoordeel opleveren voor de grote concerns.
emoji_project/data/Dutch/wavs/common_voice_nl_23911026.wav|Ik heb hier geen duidelijk antwoord op gekregen.|Ik heb hier geen duidelijk antwoord op gekregen.
emoji_project/data/Dutch/wavs/common_voice_nl_26735134.wav|Laat ik alleen kort zeggen dat wij op de goede weg zijn.|Laat ik alleen kort zeggen dat wij op de goede weg zijn.
emoji_project/data/Dutch/wavs/common_voice_nl_24064816.wav|Het proces om het verschijnsel te genezen, is echter veel ingewikkelder.|Het proces om het verschijnsel te genezen, is echter veel ingewikkelder.
emoji_project/data/Dutch/wavs/common_voice_nl_26653672.wav|Uw eerste vraag betreft twee kernproblemen.|Uw eerste vraag betreft twee kernproblemen.
emoji_project/data/Dutch/wavs/common_voice_nl_27373756.wav|Let wel, de directe oorzaken van terrorisme liggen niet in geloofsovertuiging of armoede.|Let wel, de directe oorzaken van terrorisme liggen niet in geloofsovertuiging of armoede.
emoji_project/data/Dutch/wavs/common_voice_nl_24002480.wav|Maar hij is natuurlijk ook wel gewend aan lastige dossiers.|Maar hij is natuurlijk ook wel gewend aan lastige dossiers.
emoji_project/data/Dutch/wavs/common_voice_nl_24001012.wav|Wij willen een grotere veiligheid op zee.|Wij willen een grotere veiligheid op zee.
emoji_project/data/Dutch/wavs/common_voice_nl_23944576.wav|Dat is een logica die in mijn ogen niet door de beugel kan.|Dat is een logica die in mijn ogen niet door de beugel kan.
emoji_project/data/Dutch/wavs/common_voice_nl_24018052.wav|Overal verschijnen barsten in de rechtsposities van de werknemers.|Overal verschijnen barsten in de rechtsposities van de werknemers.
emoji_project/data/Dutch/wavs/common_voice_nl_24015150.wav|Dat is hetgeen men wil verbloemen.|Dat is hetgeen men wil verbloemen.
emoji_project/data/Dutch/wavs/common_voice_nl_23922872.wav|Hoe voorziet het verslag hierin?|Hoe voorziet het verslag hierin?
emoji_project/data/Dutch/wavs/common_voice_nl_26720136.wav|Ik hoop dat hij een antwoord heeft.|Ik hoop dat hij een antwoord heeft.
emoji_project/data/Dutch/wavs/common_voice_nl_24074607.wav|Beide partners moeten het eens worden over een gemeenschappelijke aanpak van de klimaatverandering.|Beide partners moeten het eens worden over een gemeenschappelijke aanpak van de klimaatverandering.
emoji_project/data/Dutch/wavs/common_voice_nl_26646612.wav|We hebben het woord simpel steeds vermeden.|We hebben het woord simpel steeds vermeden.
emoji_project/data/Dutch/wavs/common_voice_nl_26670485.wav|Dat is een grote politieke en economische macht.|Dat is een grote politieke en economische macht.
emoji_project/data/Dutch/wavs/common_voice_nl_26616814.wav|Dit voorstel lijkt me een zeer gecompliceerde en niet zeer efficiënte procedure.|Dit voorstel lijkt me een zeer gecompliceerde en niet zeer efficiënte procedure.
emoji_project/data/Dutch/wavs/common_voice_nl_24330908.wav|Er is geen verzoek ingediend voor een debat over parlementaire immuniteit.|Er is geen verzoek ingediend voor een debat over parlementaire immuniteit.
emoji_project/data/Dutch/wavs/common_voice_nl_23912287.wav|Gelukkig zijn de tijden van de wapenwedloop inmiddels voorbij.|Gelukkig zijn de tijden van de wapenwedloop inmiddels voorbij.
emoji_project/data/Dutch/wavs/common_voice_nl_23921727.wav|Dat moet volgens mij ons hoofddoel zijn.|Dat moet volgens mij ons hoofddoel zijn.
emoji_project/data/Dutch/wavs/common_voice_nl_26644284.wav|Dat is niet terecht en dat is ook niet slim.|Dat is niet terecht en dat is ook niet slim.
emoji_project/data/Dutch/wavs/common_voice_nl_23921312.wav|Om die reden heb ik vóór deze motie voor een resolutie gestemd.|Om die reden heb ik vóór deze motie voor een resolutie gestemd.
emoji_project/data/Dutch/wavs/common_voice_nl_26580762.wav|We hebben het principe van preventie nodig.|We hebben het principe van preventie nodig.
emoji_project/data/Dutch/wavs/common_voice_nl_23934685.wav|Vergist u zich niet, waarde collega's.|Vergist u zich niet, waarde collega's.
emoji_project/data/Dutch/wavs/common_voice_nl_26587580.wav|Voor een succesvolle werking van deze verordening is echter nog veel meer onderzoek nodig.|Voor een succesvolle werking van deze verordening is echter nog veel meer onderzoek nodig.
emoji_project/data/Dutch/wavs/common_voice_nl_26732613.wav|Wij hebben de discussie op gang gehouden.|Wij hebben de discussie op gang gehouden.
emoji_project/data/Dutch/wavs/common_voice_nl_24021719.wav|Wij zien hier dat verschillende fasen voorzien zijn.|Wij zien hier dat verschillende fasen voorzien zijn.
emoji_project/data/Dutch/wavs/common_voice_nl_23934747.wav|Een ding moet echter wel gebeuren: er moet een zekere balans worden opgemaakt.|Een ding moet echter wel gebeuren: er moet een zekere balans worden opgemaakt.
emoji_project/data/Dutch/wavs/common_voice_nl_26617892.wav|Die normen zijn altijd vrijwillig en niet-bindend.|Die normen zijn altijd vrijwillig en niet-bindend.
emoji_project/data/Dutch/wavs/common_voice_nl_26639342.wav|Terreur en dictatuur kunnen slechts efficiënt bestreden worden op basis van het recht.|Terreur en dictatuur kunnen slechts efficiënt bestreden worden op basis van het recht.
emoji_project/data/Dutch/wavs/common_voice_nl_26819233.wav|Dat betekent dat de aangenomen regels betreffende de uitvoering eveneens gewijzigd moeten worden.|Dat betekent dat de aangenomen regels betreffende de uitvoering eveneens gewijzigd moeten worden.
emoji_project/data/Dutch/wavs/common_voice_nl_26668663.wav|Dus dank u wel voor deze informatie, commissaris.|Dus dank u wel voor deze informatie, commissaris.
emoji_project/data/Dutch/wavs/common_voice_nl_23991660.wav|Dit is een politieke impasse omdat de twee belangrijkste vragen niet worden gesteld.|Dit is een politieke impasse omdat de twee belangrijkste vragen niet worden gesteld.
emoji_project/data/Dutch/wavs/common_voice_nl_23995557.wav|Deze mogelijkheden kunnen worden uitgebreid.|Deze mogelijkheden kunnen worden uitgebreid.
emoji_project/data/Dutch/wavs/common_voice_nl_26679078.wav|De sfeer was allesbehalve vijandig.|De sfeer was allesbehalve vijandig.
emoji_project/data/Dutch/wavs/common_voice_nl_26633535.wav|Is er kans op een grieppandemie?|Is er kans op een grieppandemie?
emoji_project/data/Dutch/wavs/common_voice_nl_26644234.wav|Wij moeten echter duidelijke speerpunten hebben.|Wij moeten echter duidelijke speerpunten hebben.
emoji_project/data/Dutch/wavs/common_voice_nl_23971804.wav|Het zou verspilling zijn als alle hoogopgeleide vrouwen hun kennis nooit zouden kunnen gebruiken.|Het zou verspilling zijn als alle hoogopgeleide vrouwen hun kennis nooit zouden kunnen gebruiken.
emoji_project/data/Dutch/wavs/common_voice_nl_26639191.wav|Om die reden mag er geen voorlopige versie van de overeenkomst in werking treden.|Om die reden mag er geen voorlopige versie van de overeenkomst in werking treden.
emoji_project/data/Dutch/wavs/common_voice_nl_23982805.wav|En waar was de democratie?|En waar was de democratie?
emoji_project/data/Dutch/wavs/common_voice_nl_24041143.wav|Een andere belangrijk punt betreft het partnerschap.|Een andere belangrijk punt betreft het partnerschap.
emoji_project/data/Dutch/wavs/common_voice_nl_26616791.wav|Het zou de administratie veel geld besparen.|Het zou de administratie veel geld besparen.
emoji_project/data/Dutch/wavs/common_voice_nl_26616098.wav|Dank u dat u mij het woord geeft.|Dank u dat u mij het woord geeft.
emoji_project/data/Dutch/wavs/common_voice_nl_23945603.wav|Ik nodig u uit om met mij mee te doen aan een wedstrijdje.|Ik nodig u uit om met mij mee te doen aan een wedstrijdje.
emoji_project/data/Dutch/wavs/common_voice_nl_26616074.wav|Ik zou het erg op prijs stellen als u ons hierover duidelijkheid verschafte.|Ik zou het erg op prijs stellen als u ons hierover duidelijkheid verschafte.
emoji_project/data/Dutch/wavs/common_voice_nl_26617792.wav|Wij hebben een richtlijn nodig.|Wij hebben een richtlijn nodig.
emoji_project/data/Dutch/wavs/common_voice_nl_23985505.wav|Uit dit verslag en dit voorstel kunnen we een aantal lessen leren.|Uit dit verslag en dit voorstel kunnen we een aantal lessen leren.
emoji_project/data/Dutch/wavs/common_voice_nl_26646610.wav|Ik geloof niet dat in deze situatie binnen afzienbare tijd verandering zal komen.|Ik geloof niet dat in deze situatie binnen afzienbare tijd verandering zal komen.
emoji_project/data/Dutch/wavs/common_voice_nl_24018069.wav|Met de huidige voorstellen komen de prijzen beneden het kostenniveau te liggen.|Met de huidige voorstellen komen de prijzen beneden het kostenniveau te liggen.
emoji_project/data/Dutch/wavs/common_voice_nl_26668662.wav|Ik heb echter tegen deze resolutie gestemd.|Ik heb echter tegen deze resolutie gestemd.
emoji_project/data/Dutch/wavs/common_voice_nl_23997444.wav|Daar zijn wij helemaal voor.|Daar zijn wij helemaal voor.
emoji_project/data/Dutch/wavs/common_voice_nl_26651773.wav|Bovendien willen we de potentiële reikwijdte van het forum verhogen.|Bovendien willen we de potentiële reikwijdte van het forum verhogen.
emoji_project/data/Dutch/wavs/common_voice_nl_23953786.wav|Ook ik vind het belangrijk dat economische en sociale maatregelen worden gecombineerd.|Ook ik vind het belangrijk dat economische en sociale maatregelen worden gecombineerd.
emoji_project/data/Dutch/wavs/common_voice_nl_27063511.wav|Of ze voortaan niet meer op de snelweg willen rijden.|Of ze voortaan niet meer op de snelweg willen rijden.
emoji_project/data/Dutch/wavs/common_voice_nl_23938984.wav|Laten we ook eens naar de toekomst kijken.|Laten we ook eens naar de toekomst kijken.
emoji_project/data/Dutch/wavs/common_voice_nl_23935493.wav|Het kan ook om elektrische auto's gaan, daarom moeten we dit onderscheid maken.|Het kan ook om elektrische auto's gaan, daarom moeten we dit onderscheid maken.
emoji_project/data/Dutch/wavs/common_voice_nl_23969193.wav|Zoals u heeft gezegd was er een moeilijkheid met twee amendementen.|Zoals u heeft gezegd was er een moeilijkheid met twee amendementen.
emoji_project/data/Dutch/wavs/common_voice_nl_26687490.wav|Dat is trouwens reeds uit de "bananenoorlog" gebleken.|Dat is trouwens reeds uit de "bananenoorlog" gebleken.
emoji_project/data/Dutch/wavs/common_voice_nl_24052484.wav|Ik zal zeker nota nemen van de suggestie die zij heeft gedaan.|Ik zal zeker nota nemen van de suggestie die zij heeft gedaan.
emoji_project/data/Dutch/wavs/common_voice_nl_23940206.wav|Onze producten moeten in toenemende mate worden geassocieerd met hoogwaardige kwaliteit en stijl.|Onze producten moeten in toenemende mate worden geassocieerd met hoogwaardige kwaliteit en stijl.
emoji_project/data/Dutch/wavs/common_voice_nl_24092601.wav|Er kunnen allerlei punten worden verbeterd.|Er kunnen allerlei punten worden verbeterd.
emoji_project/data/Dutch/wavs/common_voice_nl_24204030.wav|Ik wil de rapporteur daarom graag bedanken voor haar uitstekende verslag.|Ik wil de rapporteur daarom graag bedanken voor haar uitstekende verslag.
emoji_project/data/Dutch/wavs/common_voice_nl_26633890.wav|Duizenden burgers hebben bij ons aan de bel getrokken.|Duizenden burgers hebben bij ons aan de bel getrokken.
emoji_project/data/Dutch/wavs/common_voice_nl_26787111.wav|Enkele zeer belangrijke kwesties zijn nog niet afgehandeld.|Enkele zeer belangrijke kwesties zijn nog niet afgehandeld.
emoji_project/data/Dutch/wavs/common_voice_nl_26679022.wav|Ze mogen daarbij niet onder druk gezet worden.|Ze mogen daarbij niet onder druk gezet worden.
emoji_project/data/Dutch/wavs/common_voice_nl_26598785.wav|Dit is een volkomen andere methode.|Dit is een volkomen andere methode.
emoji_project/data/Dutch/wavs/common_voice_nl_26637902.wav|Eisen ten aanzien van de registratie zijn dan niet langer aan de orde.|Eisen ten aanzien van de registratie zijn dan niet langer aan de orde.
emoji_project/data/Dutch/wavs/common_voice_nl_23944577.wav|Het is geen voortdurend elastisch proces.|Het is geen voortdurend elastisch proces.
emoji_project/data/Dutch/wavs/common_voice_nl_24006544.wav|Die komt in werksituaties vaker voor dan ons lief is.|Die komt in werksituaties vaker voor dan ons lief is.
emoji_project/data/Dutch/wavs/common_voice_nl_24204071.wav|Wij moeten als afgevaardigden datgene doen, wat onze regeringen in deze kwestie nalaten.|Wij moeten als afgevaardigden datgene doen, wat onze regeringen in deze kwestie nalaten.
emoji_project/data/Dutch/wavs/common_voice_nl_24052554.wav|Beste collega's, er is inderdaad een probleem.|Beste collega's, er is inderdaad een probleem.
emoji_project/data/Dutch/wavs/common_voice_nl_26633455.wav|In deze tijd van onzekerheid is extra alertheid geboden.|In deze tijd van onzekerheid is extra alertheid geboden.
emoji_project/data/Dutch/wavs/common_voice_nl_24009861.wav|Dat akkoord is inmiddels wel al opgesteld, maar wordt helaas nog niet gerespecteerd.|Dat akkoord is inmiddels wel al opgesteld, maar wordt helaas nog niet gerespecteerd.
emoji_project/data/Dutch/wavs/common_voice_nl_26616671.wav|Hij zei dat de vrede is doorgebroken.|Hij zei dat de vrede is doorgebroken.
emoji_project/data/Dutch/wavs/common_voice_nl_23934804.wav|Kunt u bevestigen dat dit het geval zal zijn?|Kunt u bevestigen dat dit het geval zal zijn?
emoji_project/data/Dutch/wavs/common_voice_nl_26670374.wav|Mijns inziens was u in dit geval in het voordeel.|Mijns inziens was u in dit geval in het voordeel.
emoji_project/data/Dutch/wavs/common_voice_nl_23954191.wav|Dat is een les die we ter harte moeten nemen.|Dat is een les die we ter harte moeten nemen.
emoji_project/data/Dutch/wavs/common_voice_nl_23978546.wav|Hierbij gaat het natuurlijk ook om de voeding.|Hierbij gaat het natuurlijk ook om de voeding.
emoji_project/data/Dutch/wavs/common_voice_nl_23963721.wav|Naar mijn mening wijst de huidige door compromis bereikte aanbeveling in een juiste richting.|Naar mijn mening wijst de huidige door compromis bereikte aanbeveling in een juiste richting.
emoji_project/data/Dutch/wavs/common_voice_nl_24062993.wav|Uw voorstel zal dan ook in het licht van de nieuwe ontwikkelingen worden bekeken.|Uw voorstel zal dan ook in het licht van de nieuwe ontwikkelingen worden bekeken.
emoji_project/data/Dutch/wavs/common_voice_nl_23995485.wav|Zij zal ter goedkeuring worden voorgelegd aan onze landen.|Zij zal ter goedkeuring worden voorgelegd aan onze landen.
emoji_project/data/Dutch/wavs/common_voice_nl_26633618.wav|We zijn allemaal heel erg met elkaar verbonden: laten we dat niet vergeten.|We zijn allemaal heel erg met elkaar verbonden: laten we dat niet vergeten.
emoji_project/data/Dutch/wavs/common_voice_nl_23912224.wav|Dit geeft aanleiding tot een aantal van de bestaande problemen.|Dit geeft aanleiding tot een aantal van de bestaande problemen.
emoji_project/data/Dutch/wavs/common_voice_nl_26643794.wav|Dit verbod betrof niet de uitvoer voor hergebruik.|Dit verbod betrof niet de uitvoer voor hergebruik.
emoji_project/data/Dutch/wavs/common_voice_nl_26757681.wav|Mijn tweede opmerking betreft de kwestie van de coördinatie.|Mijn tweede opmerking betreft de kwestie van de coördinatie.
emoji_project/data/Dutch/wavs/common_voice_nl_23944589.wav|Er bestaat geen recht op adoptie!|Er bestaat geen recht op adoptie!
emoji_project/data/Dutch/wavs/common_voice_nl_26673496.wav|Die heeft maar vijf maanden geduurd.|Die heeft maar vijf maanden geduurd.
emoji_project/data/Dutch/wavs/common_voice_nl_26668863.wav|Wij eisen dat de sancties worden aangescherpt als dit niet gebeurt.|Wij eisen dat de sancties worden aangescherpt als dit niet gebeurt.
emoji_project/data/Dutch/wavs/common_voice_nl_24052666.wav|Als u iets anders wilt, dan zegt u het mij maar.|Als u iets anders wilt, dan zegt u het mij maar.
emoji_project/data/Dutch/wavs/common_voice_nl_26644570.wav|Daar kan en moet snel een einde aan komen.|Daar kan en moet snel een einde aan komen.
emoji_project/data/Dutch/wavs/common_voice_nl_24299633.wav|Kortom, de consumenten zullen er hun voordeel mee doen.|Kortom, de consumenten zullen er hun voordeel mee doen.
emoji_project/data/Dutch/wavs/common_voice_nl_26787429.wav|We hebben een verantwoordelijkheid, maar we hebben ook verplichtingen jegens deze landen.|We hebben een verantwoordelijkheid, maar we hebben ook verplichtingen jegens deze landen.
emoji_project/data/Dutch/wavs/common_voice_nl_27063305.wav|De inrichting van de samenleving wordt teruggebracht tot een commerciële balans.|De inrichting van de samenleving wordt teruggebracht tot een commerciële balans.
emoji_project/data/Dutch/wavs/common_voice_nl_24058004.wav|Een dergelijke overeenkomst zou onwaarachtig zijn.|Een dergelijke overeenkomst zou onwaarachtig zijn.
emoji_project/data/Dutch/wavs/common_voice_nl_26643734.wav|Maar niet door bombardementen en bloedvergieten.|Maar niet door bombardementen en bloedvergieten.
emoji_project/data/Dutch/wavs/common_voice_nl_26616790.wav|En dan maar spreken over een actieve dialoog met de burger.|En dan maar spreken over een actieve dialoog met de burger.
emoji_project/data/Dutch/wavs/common_voice_nl_23984877.wav|We hebben wel heel veel forellen, terloops gezegd, de beste forellen ter wereld.|We hebben wel heel veel forellen, terloops gezegd, de beste forellen ter wereld.
emoji_project/data/Dutch/wavs/common_voice_nl_26836998.wav|Het aantal uren gymnastiek op scholen is nu flink gedaald.|Het aantal uren gymnastiek op scholen is nu flink gedaald.
emoji_project/data/Dutch/wavs/common_voice_nl_23995518.wav|In de naam van de vrijheid en de solidariteit roepen wij haar hiertoe op.|In de naam van de vrijheid en de solidariteit roepen wij haar hiertoe op.
emoji_project/data/Dutch/wavs/common_voice_nl_26658991.wav|Ik hoop dat hij deze uitdaging tot een goed einde zal brengen.|Ik hoop dat hij deze uitdaging tot een goed einde zal brengen.
emoji_project/data/Dutch/wavs/common_voice_nl_24052528.wav|Met dergelijke maatregelen kan zwartwerk niet worden bestreden.|Met dergelijke maatregelen kan zwartwerk niet worden bestreden.
emoji_project/data/Dutch/wavs/common_voice_nl_23969566.wav|Dit is een politiek probleem, geen technisch probleem.|Dit is een politiek probleem, geen technisch probleem.
emoji_project/data/Dutch/wavs/common_voice_nl_23945664.wav|De stemming vindt aan het einde van het debat plaats.|De stemming vindt aan het einde van het debat plaats.
emoji_project/data/Dutch/wavs/common_voice_nl_24147949.wav|Dit is in strijd met het voorzorgsbeginsel.|Dit is in strijd met het voorzorgsbeginsel.
emoji_project/data/Dutch/wavs/common_voice_nl_23920511.wav|O, ik hou ook van heel veel andere landen en heel veel andere mensen!|O, ik hou ook van heel veel andere landen en heel veel andere mensen!
emoji_project/data/Dutch/wavs/common_voice_nl_23934659.wav|Echter, in werkelijkheid was dit niets nieuws, maar gebeurde dit in feite al jaren.|Echter, in werkelijkheid was dit niets nieuws, maar gebeurde dit in feite al jaren.
emoji_project/data/Dutch/wavs/common_voice_nl_26617843.wav|Het kan zo niet veel langer doorgaan.|Het kan zo niet veel langer doorgaan.
emoji_project/data/Dutch/wavs/common_voice_nl_23957209.wav|Er wordt duidelijk meer vis gevangen dan door de wetenschappelijke deskundigen wordt aanbevolen.|Er wordt duidelijk meer vis gevangen dan door de wetenschappelijke deskundigen wordt aanbevolen.
emoji_project/data/Dutch/wavs/common_voice_nl_26636413.wav|Dat is een bijzonder belangrijk verdrag.|Dat is een bijzonder belangrijk verdrag.
emoji_project/data/Dutch/wavs/common_voice_nl_23944174.wav|Nu is het een bitter leerproces.|Nu is het een bitter leerproces.
emoji_project/data/Dutch/wavs/common_voice_nl_26670393.wav|Dank u, mevrouw de commissaris, voor uw bericht.|Dank u, mevrouw de commissaris, voor uw bericht.
emoji_project/data/Dutch/wavs/common_voice_nl_26670554.wav|De samenleving heeft baat bij criminaliteitspreventie.|De samenleving heeft baat bij criminaliteitspreventie.
emoji_project/data/Dutch/wavs/common_voice_nl_26655585.wav|Het is een aspirientje en vroeg of laat is dit uitgewerkt.|Het is een aspirientje en vroeg of laat is dit uitgewerkt.
emoji_project/data/Dutch/wavs/common_voice_nl_23985607.wav|U heeft absoluut gelijk maar ook daarvoor bestaan regels.|U heeft absoluut gelijk maar ook daarvoor bestaan regels.
emoji_project/data/Dutch/wavs/common_voice_nl_23957305.wav|Met de sectorale hervormingen worden uitsluitend besparingen nagestreefd.|Met de sectorale hervormingen worden uitsluitend besparingen nagestreefd.
emoji_project/data/Dutch/wavs/common_voice_nl_26836872.wav|Met het overbrengen van al deze kennis en ervaringen moeten wij vroeg beginnen.|Met het overbrengen van al deze kennis en ervaringen moeten wij vroeg beginnen.
emoji_project/data/Dutch/wavs/common_voice_nl_26688379.wav|Het gaat hier niet om nationale problemen.|Het gaat hier niet om nationale problemen.
emoji_project/data/Dutch/wavs/common_voice_nl_26652379.wav|Ik ben benieuwd hoe ze dat gaan doen.|Ik ben benieuwd hoe ze dat gaan doen.
emoji_project/data/Dutch/wavs/common_voice_nl_23978486.wav|Van volledige etikettering spreken, is gewoon etikettenzwendel.|Van volledige etikettering spreken, is gewoon etikettenzwendel.
emoji_project/data/Dutch/wavs/common_voice_nl_23957325.wav|Dit brengt ons op de twee voorstellen voor een richtlijn.|Dit brengt ons op de twee voorstellen voor een richtlijn.
emoji_project/data/Dutch/wavs/common_voice_nl_24357014.wav|We hopen dat we een dergelijke efficiënte samenwerking in de toekomst kunnen voortzetten.|We hopen dat we een dergelijke efficiënte samenwerking in de toekomst kunnen voortzetten.
emoji_project/data/Dutch/wavs/common_voice_nl_23968621.wav|En in de tweede plaats hoe is de financiële controle daar?|En in de tweede plaats hoe is de financiële controle daar?
emoji_project/data/Dutch/wavs/common_voice_nl_23911037.wav|Wij moeten met voorstellen komen en wij moeten besluiten nemen.|Wij moeten met voorstellen komen en wij moeten besluiten nemen.
emoji_project/data/Dutch/wavs/common_voice_nl_23944184.wav|Dat is de werkelijkheid en ik dank u hartelijk voor het debat.|Dat is de werkelijkheid en ik dank u hartelijk voor het debat.
emoji_project/data/Dutch/wavs/common_voice_nl_24205494.wav|Als ik u goed begrepen heb, tekent u bezwaar aan tegen het mondelinge amendement.|Als ik u goed begrepen heb, tekent u bezwaar aan tegen het mondelinge amendement.
emoji_project/data/Dutch/wavs/common_voice_nl_24077763.wav|Kan iemand mij misschien vertellen waarover ze mogen onderhandelen?|Kan iemand mij misschien vertellen waarover ze mogen onderhandelen?
