emoji_project/data/Chinese/wavs/common_voice_zh-CN_32862085.wav|未来美国零售的专辑不计入排行榜。|未来美国零售的专辑不计入排行榜。
emoji_project/data/Chinese/wavs/common_voice_zh-CN_33130393.wav|心叶尾稃草为禾本科尾稃草属下的一个种。|心叶尾稃草为禾本科尾稃草属下的一个种。
emoji_project/data/Chinese/wavs/common_voice_zh-CN_35049789.wav|目前原址仍有园主一家居住。|目前原址仍有园主一家居住。
emoji_project/data/Chinese/wavs/common_voice_zh-CN_33274330.wav|上述就是一个投票结果不受影响的例子。|上述就是一个投票结果不受影响的例子。
emoji_project/data/Chinese/wavs/common_voice_zh-CN_32875429.wav|此事实在是前车可鉴啊。|此事实在是前车可鉴啊。
emoji_project/data/Chinese/wavs/common_voice_zh-CN_35787723.wav|公约还将煤炭火力发电站的大气排放列为规制对象。|公约还将煤炭火力发电站的大气排放列为规制对象。
emoji_project/data/Chinese/wavs/common_voice_zh-CN_32862019.wav|阔鳞耳蕨为鳞毛蕨科耳蕨属下的一个种。|阔鳞耳蕨为鳞毛蕨科耳蕨属下的一个种。
emoji_project/data/Chinese/wavs/common_voice_zh-CN_32880320.wav|另可指多部以童话为蓝本改编的作品|另可指多部以童话为蓝本改编的作品
emoji_project/data/Chinese/wavs/common_voice_zh-CN_32862107.wav|作品由哥伦比亚电影公司负责发行。|作品由哥伦比亚电影公司负责发行。
emoji_project/data/Chinese/wavs/common_voice_zh-CN_32875349.wav|由九十七名司铎名管理四十九个堂区。|由九十七名司铎名管理四十九个堂区。
emoji_project/data/Chinese/wavs/common_voice_zh-CN_32862047.wav|伟人后代中还有称为亚纳人的巨人。|伟人后代中还有称为亚纳人的巨人。
emoji_project/data/Chinese/wavs/common_voice_zh-CN_33130256.wav|重瓣铁线莲为毛茛科铁线莲属下的一个变种。|重瓣铁线莲为毛茛科铁线莲属下的一个变种。
emoji_project/data/Chinese/wavs/common_voice_zh-CN_32875359.wav|对应不同平台有着特定的图形用户界面。|对应不同平台有着特定的图形用户界面。
emoji_project/data/Chinese/wavs/common_voice_zh-CN_32862031.wav|第一家现代足球俱乐部是英国谢菲尔德足球俱乐部。|第一家现代足球俱乐部是英国谢菲尔德足球俱乐部。
emoji_project/data/Chinese/wavs/common_voice_zh-CN_32862034.wav|林的亚裔身份也是一个敏感问题。|林的亚裔身份也是一个敏感问题。
emoji_project/data/Chinese/wavs/common_voice_zh-CN_33378478.wav|这些群都与瑟斯顿几何化猜想的八几何有关。|这些群都与瑟斯顿几何化猜想的八几何有关。
emoji_project/data/Chinese/wavs/common_voice_zh-CN_32958566.wav|直到一个名叫丹尼亚尔的退伍士兵的出现。|直到一个名叫丹尼亚尔的退伍士兵的出现。
emoji_project/data/Chinese/wavs/common_voice_zh-CN_32861849.wav|齐亚诺被委派为阿尔巴尼亚总督。|齐亚诺被委派为阿尔巴尼亚总督。
emoji_project/data/Chinese/wavs/common_voice_zh-CN_32861555.wav|洛克用炸药打开舱门。|洛克用炸药打开舱门。
emoji_project/data/Chinese/wavs/common_voice_zh-CN_32862006.wav|红纹马先蒿是列当科马先蒿属的植物。|红纹马先蒿是列当科马先蒿属的植物。
emoji_project/data/Chinese/wavs/common_voice_zh-CN_33135098.wav|该片融合了少林功夫。|该片融合了少林功夫。
emoji_project/data/Chinese/wavs/common_voice_zh-CN_33291418.wav|李县是美国南卡罗莱纳州东部的一个县。|李县是美国南卡罗莱纳州东部的一个县。
emoji_project/data/Chinese/wavs/common_voice_zh-CN_33130379.wav|御史中丞的地位后来亦有所提高。|御史中丞的地位后来亦有所提高。
emoji_project/data/Chinese/wavs/common_voice_zh-CN_33291594.wav|浅野长晟是江户时代前期大名。|浅野长晟是江户时代前期大名。
emoji_project/data/Chinese/wavs/common_voice_zh-CN_32880263.wav|墓主人相传为二十四孝中的东汉人郭巨。|墓主人相传为二十四孝中的东汉人郭巨。
emoji_project/data/Chinese/wavs/common_voice_zh-CN_33274197.wav|他也是验证码的第一个商业实现的开发者之一。|他也是验证码的第一个商业实现的开发者之一。
emoji_project/data/Chinese/wavs/common_voice_zh-CN_34953869.wav|黑白飞鼠为松鼠科黑白飞鼠属的动物。|黑白飞鼠为松鼠科黑白飞鼠属的动物。
emoji_project/data/Chinese/wavs/common_voice_zh-CN_33074364.wav|第六世洞阔尔活佛是内蒙古茂明安旗人。|第六世洞阔尔活佛是内蒙古茂明安旗人。
emoji_project/data/Chinese/wavs/common_voice_zh-CN_32875369.wav|阿姆斯特朗公司为此在国际范围内寻找客户。|阿姆斯特朗公司为此在国际范围内寻找客户。
emoji_project/data/Chinese/wavs/common_voice_zh-CN_32958481.wav|华南冠网椿为网蝽科冠网蝽属下的一个种。|华南冠网椿为网蝽科冠网蝽属下的一个种。
emoji_project/data/Chinese/wavs/common_voice_zh-CN_33367215.wav|心叶鳞花木为无患子科鳞花木属下的一个种。|心叶鳞花木为无患子科鳞花木属下的一个种。
emoji_project/data/Chinese/wavs/common_voice_zh-CN_32880301.wav|而彭顺后于新法书院毕业。|而彭顺后于新法书院毕业。
emoji_project/data/Chinese/wavs/common_voice_zh-CN_32862045.wav|在那里他被选为狱长。|在那里他被选为狱长。
emoji_project/data/Chinese/wavs/common_voice_zh-CN_33130219.wav|齿叶猫尾木为紫葳科猫尾木属下的一个变种。|齿叶猫尾木为紫葳科猫尾木属下的一个变种。
emoji_project/data/Chinese/wavs/common_voice_zh-CN_32958486.wav|微粒腹毛管蚜为毛管蚜科真毛管蚜属下的一个种。|微粒腹毛管蚜为毛管蚜科真毛管蚜属下的一个种。
emoji_project/data/Chinese/wavs/common_voice_zh-CN_32958321.wav|赤胸狼蛛为狼蛛科狼蛛属的动物。|赤胸狼蛛为狼蛛科狼蛛属的动物。
emoji_project/data/Chinese/wavs/common_voice_zh-CN_33135087.wav|佟兆元自奉天高等师范学校毕业。|佟兆元自奉天高等师范学校毕业。
emoji_project/data/Chinese/wavs/common_voice_zh-CN_33297479.wav|交换律的简易版本通常会在初等数学教程中被教导。|交换律的简易版本通常会在初等数学教程中被教导。
emoji_project/data/Chinese/wavs/common_voice_zh-CN_32875409.wav|早年由举人捐内阁中书。|早年由举人捐内阁中书。
emoji_project/data/Chinese/wavs/common_voice_zh-CN_33367222.wav|鉴于有必要促进各国间友好关系的发展|鉴于有必要促进各国间友好关系的发展
emoji_project/data/Chinese/wavs/common_voice_zh-CN_32958496.wav|灰腹绿锦蛇为游蛇科锦蛇属的爬行动物。|灰腹绿锦蛇为游蛇科锦蛇属的爬行动物。
emoji_project/data/Chinese/wavs/common_voice_zh-CN_33291679.wav|毕业于吉林省委党校法律专业。|毕业于吉林省委党校法律专业。
emoji_project/data/Chinese/wavs/common_voice_zh-CN_32861465.wav|此版本为注博派的狂派间谍。|此版本为注博派的狂派间谍。
emoji_project/data/Chinese/wavs/common_voice_zh-CN_33195651.wav|当初主要以比赛后段的替补角色上场。|当初主要以比赛后段的替补角色上场。
emoji_project/data/Chinese/wavs/common_voice_zh-CN_33130294.wav|港核投以及运营公司分别是中电控股的附属公司及投资项目。|港核投以及运营公司分别是中电控股的附属公司及投资项目。
emoji_project/data/Chinese/wavs/common_voice_zh-CN_33291553.wav|石川赖明是安土桃山时代武将和大名。|石川赖明是安土桃山时代武将和大名。
emoji_project/data/Chinese/wavs/common_voice_zh-CN_33174857.wav|最终以高塘石站为终点。|最终以高塘石站为终点。
emoji_project/data/Chinese/wavs/common_voice_zh-CN_33212955.wav|自由电子激光器的核心是电子源。|自由电子激光器的核心是电子源。
emoji_project/data/Chinese/wavs/common_voice_zh-CN_32958578.wav|这些民众主要是抗议严酷的工作环境以及农业生产的机械化。|这些民众主要是抗议严酷的工作环境以及农业生产的机械化。
emoji_project/data/Chinese/wavs/common_voice_zh-CN_32871176.wav|毕达哥拉斯主义认为音乐的和谐和数字的美密切相关。|毕达哥拉斯主义认为音乐的和谐和数字的美密切相关。
emoji_project/data/Chinese/wavs/common_voice_zh-CN_32862074.wav|两型叶网脉槭为槭树科槭属下的一个变种。|两型叶网脉槭为槭树科槭属下的一个变种。
emoji_project/data/Chinese/wavs/common_voice_zh-CN_35340739.wav|越南的胡朝自此灭亡。|越南的胡朝自此灭亡。
emoji_project/data/Chinese/wavs/common_voice_zh-CN_32958355.wav|马杏垣是中国一位地质学家。|马杏垣是中国一位地质学家。
emoji_project/data/Chinese/wavs/common_voice_zh-CN_32870988.wav|导演林孝谦说想和周迅合作拍电影。|导演林孝谦说想和周迅合作拍电影。
emoji_project/data/Chinese/wavs/common_voice_zh-CN_32861867.wav|组合的乐曲是首次为电视动画使用的主题曲。|组合的乐曲是首次为电视动画使用的主题曲。
emoji_project/data/Chinese/wavs/common_voice_zh-CN_32862083.wav|埃尔特尔莱因是德国萨克森州的一个市镇。|埃尔特尔莱因是德国萨克森州的一个市镇。
emoji_project/data/Chinese/wavs/common_voice_zh-CN_32862096.wav|是人类最早学会酿造的酒。|是人类最早学会酿造的酒。
emoji_project/data/Chinese/wavs/common_voice_zh-CN_33378471.wav|卡内拉什是葡萄牙阿威罗区的一个堂区。|卡内拉什是葡萄牙阿威罗区的一个堂区。
emoji_project/data/Chinese/wavs/common_voice_zh-CN_33130270.wav|如今数千件物品已经被打捞及展出。|如今数千件物品已经被打捞及展出。
emoji_project/data/Chinese/wavs/common_voice_zh-CN_32861316.wav|根据日本空港整备法被分成第三种机场。|根据日本空港整备法被分成第三种机场。
emoji_project/data/Chinese/wavs/common_voice_zh-CN_32958335.wav|出生于新泽西州北卑尔根。|出生于新泽西州北卑尔根。
emoji_project/data/Chinese/wavs/common_voice_zh-CN_32861559.wav|齐克果深受父亲影响。|齐克果深受父亲影响。
emoji_project/data/Chinese/wavs/common_voice_zh-CN_32958468.wav|细枝龙脑香为龙脑香科龙脑香属下的一个种。|细枝龙脑香为龙脑香科龙脑香属下的一个种。
emoji_project/data/Chinese/wavs/common_voice_zh-CN_33367212.wav|小瓣金花茶为山茶科山茶属的植物。|小瓣金花茶为山茶科山茶属的植物。
emoji_project/data/Chinese/wavs/common_voice_zh-CN_32861790.wav|同年崔贵生辞去江西铜业执行董事职务。|同年崔贵生辞去江西铜业执行董事职务。
emoji_project/data/Chinese/wavs/common_voice_zh-CN_33367223.wav|佩康库尔人口变化图示|佩康库尔人口变化图示
emoji_project/data/Chinese/wavs/common_voice_zh-CN_32862077.wav|图伯是位于美国加利福尼亚州莫多克县的一个非建制地区。|图伯是位于美国加利福尼亚州莫多克县的一个非建制地区。
emoji_project/data/Chinese/wavs/common_voice_zh-CN_32870882.wav|污水下水道为台湾新十大建设之一。|污水下水道为台湾新十大建设之一。
emoji_project/data/Chinese/wavs/common_voice_zh-CN_36829703.wav|本道路在本地区境内东段有经过宝山水库北岸地带。|本道路在本地区境内东段有经过宝山水库北岸地带。
emoji_project/data/Chinese/wavs/common_voice_zh-CN_36837294.wav|宋世槐曾出力创建上海电报局。|宋世槐曾出力创建上海电报局。
emoji_project/data/Chinese/wavs/common_voice_zh-CN_32875360.wav|莱奥列尔人口变化图示|莱奥列尔人口变化图示
emoji_project/data/Chinese/wavs/common_voice_zh-CN_32861688.wav|嘉庆二十二年八月再任。|嘉庆二十二年八月再任。
emoji_project/data/Chinese/wavs/common_voice_zh-CN_33297491.wav|柄真寄居蟹为寄居蟹的一种。|柄真寄居蟹为寄居蟹的一种。
emoji_project/data/Chinese/wavs/common_voice_zh-CN_32875411.wav|但我并没有对此感到困扰。|但我并没有对此感到困扰。
emoji_project/data/Chinese/wavs/common_voice_zh-CN_33291476.wav|他曾在开播仅一天即停播的担任总经理一职。|他曾在开播仅一天即停播的担任总经理一职。
emoji_project/data/Chinese/wavs/common_voice_zh-CN_32870861.wav|出生于奥地利的哥穆德受训。|出生于奥地利的哥穆德受训。
emoji_project/data/Chinese/wavs/common_voice_zh-CN_32861924.wav|主要供除南航及其旗下航空公司外的国内航线使用。|主要供除南航及其旗下航空公司外的国内航线使用。
emoji_project/data/Chinese/wavs/common_voice_zh-CN_33403847.wav|学者和监管机构对逆按揭评价褒贬不一。|学者和监管机构对逆按揭评价褒贬不一。
emoji_project/data/Chinese/wavs/common_voice_zh-CN_32861974.wav|澳门科大护理系讲座教授。|澳门科大护理系讲座教授。
emoji_project/data/Chinese/wavs/common_voice_zh-CN_33274320.wav|檐口和二楼阳台的装饰为古典主义风格。|檐口和二楼阳台的装饰为古典主义风格。
emoji_project/data/Chinese/wavs/common_voice_zh-CN_32880346.wav|被视为蒙古争取独立的过程中最重要的人物之一。|被视为蒙古争取独立的过程中最重要的人物之一。
emoji_project/data/Chinese/wavs/common_voice_zh-CN_33212830.wav|缅甸血蜱为硬蜱科血蜱属下的一个种。|缅甸血蜱为硬蜱科血蜱属下的一个种。
emoji_project/data/Chinese/wavs/common_voice_zh-CN_33130230.wav|巨大影子的伴随着脚步声。|巨大影子的伴随着脚步声。
emoji_project/data/Chinese/wavs/common_voice_zh-CN_33130240.wav|硬狸藻为狸藻属多年生小型至中型岩生食虫植物。|硬狸藻为狸藻属多年生小型至中型岩生食虫植物。
emoji_project/data/Chinese/wavs/common_voice_zh-CN_32880302.wav|田井之滨站的临时铁路车站。|田井之滨站的临时铁路车站。
emoji_project/data/Chinese/wavs/common_voice_zh-CN_33130212.wav|她是鞑靼斯坦共和国的民族英雄。|她是鞑靼斯坦共和国的民族英雄。
emoji_project/data/Chinese/wavs/common_voice_zh-CN_33195654.wav|这些都显示出他明朗又不拘小节的个性。|这些都显示出他明朗又不拘小节的个性。
emoji_project/data/Chinese/wavs/common_voice_zh-CN_32880278.wav|最早他的名字是汤国纲。|最早他的名字是汤国纲。
emoji_project/data/Chinese/wavs/common_voice_zh-CN_32862033.wav|布伦是德国巴伐利亚州的一个市镇。|布伦是德国巴伐利亚州的一个市镇。
emoji_project/data/Chinese/wavs/common_voice_zh-CN_35925553.wav|台中女中毕业以后进入国立中央大学大气科学系就读。|台中女中毕业以后进入国立中央大学大气科学系就读。
emoji_project/data/Chinese/wavs/common_voice_zh-CN_33130279.wav|月球上的瑙曼环形山就是以他的名字命名的。|月球上的瑙曼环形山就是以他的名字命名的。
emoji_project/data/Chinese/wavs/common_voice_zh-CN_33291555.wav|气旋残留一度行进至阿拉巴马州中部后转向南下。|气旋残留一度行进至阿拉巴马州中部后转向南下。
emoji_project/data/Chinese/wavs/common_voice_zh-CN_32870984.wav|苏丹国家是由哈拉尔高原居民建立。|苏丹国家是由哈拉尔高原居民建立。
emoji_project/data/Chinese/wavs/common_voice_zh-CN_35245236.wav|列车配属于治北车辆段。|列车配属于治北车辆段。
emoji_project/data/Chinese/wavs/common_voice_zh-CN_32958299.wav|毕业于西安交通大学应用经济学专业。|毕业于西安交通大学应用经济学专业。
emoji_project/data/Chinese/wavs/common_voice_zh-CN_33130281.wav|复线铠甲虾为铠甲虾科铠甲虾属下的一个种。|复线铠甲虾为铠甲虾科铠甲虾属下的一个种。
emoji_project/data/Chinese/wavs/common_voice_zh-CN_33195642.wav|前身为中国地震局分析预报中心。|前身为中国地震局分析预报中心。
emoji_project/data/Chinese/wavs/common_voice_zh-CN_36656695.wav|佐久市是长野县东部的市。|佐久市是长野县东部的市。
emoji_project/data/Chinese/wavs/common_voice_zh-CN_32880344.wav|反战运动也波及了学校。|反战运动也波及了学校。
emoji_project/data/Chinese/wavs/common_voice_zh-CN_33367207.wav|蓝灯是一款用于突破网络审查的开源代理软件。|蓝灯是一款用于突破网络审查的开源代理软件。
emoji_project/data/Chinese/wavs/common_voice_zh-CN_32880306.wav|唯节目内的介面以至字幕全部均使用简体字。|唯节目内的介面以至字幕全部均使用简体字。
emoji_project/data/Chinese/wavs/common_voice_zh-CN_33274332.wav|报德古堂的历史年代为宋代。|报德古堂的历史年代为宋代。
emoji_project/data/Chinese/wavs/common_voice_zh-CN_36873995.wav|蒙特尼多是位于美国加利福尼亚州洛杉矶县的一个非建制地区。|蒙特尼多是位于美国加利福尼亚州洛杉矶县的一个非建制地区。
emoji_project/data/Chinese/wavs/common_voice_zh-CN_32875365.wav|城南为新建的工业区。|城南为新建的工业区。
emoji_project/data/Chinese/wavs/common_voice_zh-CN_33291637.wav|拜物教是一种原始宗教。|拜物教是一种原始宗教。
emoji_project/data/Chinese/wavs/common_voice_zh-CN_33195634.wav|宝天曼园蛛为园蛛科园蛛属的动物。|宝天曼园蛛为园蛛科园蛛属的动物。
emoji_project/data/Chinese/wavs/common_voice_zh-CN_33291479.wav|留他们住了两个月就让他们回杭州了。|留他们住了两个月就让他们回杭州了。
emoji_project/data/Chinese/wavs/common_voice_zh-CN_33297486.wav|上半赛季和下半赛季冠军球队将通过一场比赛来决定最后的冠军。|上半赛季和下半赛季冠军球队将通过一场比赛来决定最后的冠军。
emoji_project/data/Chinese/wavs/common_voice_zh-CN_33195691.wav|米尼多卡县是美国爱达荷州南部的一个县。|米尼多卡县是美国爱达荷州南部的一个县。
emoji_project/data/Chinese/wavs/common_voice_zh-CN_32862119.wav|杨荫东是合阳县同家庄乡同家庄村人。|杨荫东是合阳县同家庄乡同家庄村人。
emoji_project/data/Chinese/wavs/common_voice_zh-CN_32862052.wav|建立企业前瞻视野与应变能力|建立企业前瞻视野与应变能力
emoji_project/data/Chinese/wavs/common_voice_zh-CN_33367201.wav|经过很久，她才渐渐从伤痛恢复|经过很久，她才渐渐从伤痛恢复
emoji_project/data/Chinese/wavs/common_voice_zh-CN_32861599.wav|松潘荆芥为唇形科荆芥属下的一个种。|松潘荆芥为唇形科荆芥属下的一个种。
emoji_project/data/Chinese/wavs/common_voice_zh-CN_33130216.wav|中条裸粉虱为粉虱科裸粉虱属下的一个种。|中条裸粉虱为粉虱科裸粉虱属下的一个种。
emoji_project/data/Chinese/wavs/common_voice_zh-CN_33378467.wav|这种酶以下的化学反应进行酶催化。|这种酶以下的化学反应进行酶催化。
emoji_project/data/Chinese/wavs/common_voice_zh-CN_33274301.wav|毛叶凤尾蕨为凤尾蕨科凤尾蕨属下的一个种。|毛叶凤尾蕨为凤尾蕨科凤尾蕨属下的一个种。
emoji_project/data/Chinese/wavs/common_voice_zh-CN_32861690.wav|石塘镇是下辖的一个乡镇级行政单位。|石塘镇是下辖的一个乡镇级行政单位。
emoji_project/data/Chinese/wavs/common_voice_zh-CN_33244499.wav|某些国家可能采取与规则相悖的行为。|某些国家可能采取与规则相悖的行为。
emoji_project/data/Chinese/wavs/common_voice_zh-CN_33291391.wav|一般以二水合物的形式出售。|一般以二水合物的形式出售。
emoji_project/data/Chinese/wavs/common_voice_zh-CN_32862008.wav|团体射箭比赛亦是分为排名赛及淘汰赛。|团体射箭比赛亦是分为排名赛及淘汰赛。
emoji_project/data/Chinese/wavs/common_voice_zh-CN_33378459.wav|球穗千斤拔为豆科千斤拔属下的一个种。|球穗千斤拔为豆科千斤拔属下的一个种。
emoji_project/data/Chinese/wavs/common_voice_zh-CN_36533615.wav|中华人民共和国机场列表|中华人民共和国机场列表
emoji_project/data/Chinese/wavs/common_voice_zh-CN_32958509.wav|不过这个愿望并没能实现。|不过这个愿望并没能实现。
emoji_project/data/Chinese/wavs/common_voice_zh-CN_33195645.wav|耶律尧骨没有攻打易州城。|耶律尧骨没有攻打易州城。
emoji_project/data/Chinese/wavs/common_voice_zh-CN_33274243.wav|黄河路是常见的路名。|黄河路是常见的路名。
emoji_project/data/Chinese/wavs/common_voice_zh-CN_33195676.wav|孟加影县是印度尼西亚西加里曼丹省的一个县。|孟加影县是印度尼西亚西加里曼丹省的一个县。
emoji_project/data/Chinese/wavs/common_voice_zh-CN_36902455.wav|该游戏获得负面的评价。|该游戏获得负面的评价。
emoji_project/data/Chinese/wavs/common_voice_zh-CN_32875390.wav|因阿迈纳斯是阿尔及利亚伊利济省的一个镇。|因阿迈纳斯是阿尔及利亚伊利济省的一个镇。
emoji_project/data/Chinese/wavs/common_voice_zh-CN_32861793.wav|硬毛兔唇花为唇形科兔唇花属下的一个种。|硬毛兔唇花为唇形科兔唇花属下的一个种。
emoji_project/data/Chinese/wavs/common_voice_zh-CN_32958601.wav|然而这个新成立的政党很长一段时间之内仍处于颓势中。|然而这个新成立的政党很长一段时间之内仍处于颓势中。
emoji_project/data/Chinese/wavs/common_voice_zh-CN_32861944.wav|身处狱外的苏克雷则因受胁迫而必须搭救贝里克。|身处狱外的苏克雷则因受胁迫而必须搭救贝里克。
emoji_project/data/Chinese/wavs/common_voice_zh-CN_33274302.wav|科马尔县位美国德克萨斯州中南部的一个县。|科马尔县位美国德克萨斯州中南部的一个县。
emoji_project/data/Chinese/wavs/common_voice_zh-CN_32880347.wav|曾弹劾少詹事黄洪宪监试舞弊。|曾弹劾少詹事黄洪宪监试舞弊。
emoji_project/data/Chinese/wavs/common_voice_zh-CN_33130241.wav|膏油的涂抹是要信徒防备基督身位的异端教训。|膏油的涂抹是要信徒防备基督身位的异端教训。
emoji_project/data/Chinese/wavs/common_voice_zh-CN_32875352.wav|奥地利维也纳的萨赫酒店则是萨赫蛋糕的发源地。|奥地利维也纳的萨赫酒店则是萨赫蛋糕的发源地。
emoji_project/data/Chinese/wavs/common_voice_zh-CN_33195637.wav|且手术价格十分高昂。|且手术价格十分高昂。
emoji_project/data/Chinese/wavs/common_voice_zh-CN_32861850.wav|中国大陆农家乐的特点应属于城市近郊休闲农业的范畴。|中国大陆农家乐的特点应属于城市近郊休闲农业的范畴。
emoji_project/data/Chinese/wavs/common_voice_zh-CN_32871151.wav|侯爵领地现在隶属于皮埃蒙特大区。|侯爵领地现在隶属于皮埃蒙特大区。
emoji_project/data/Chinese/wavs/common_voice_zh-CN_33195695.wav|他现在效力于意甲球队桑普多利亚。|他现在效力于意甲球队桑普多利亚。
emoji_project/data/Chinese/wavs/common_voice_zh-CN_32958354.wav|弗伦斯多夫是德国巴伐利亚州班贝格县的一个市镇。|弗伦斯多夫是德国巴伐利亚州班贝格县的一个市镇。
emoji_project/data/Chinese/wavs/common_voice_zh-CN_35097951.wav|能源号运载火箭苏联研制的一种重型运载火箭。|能源号运载火箭苏联研制的一种重型运载火箭。
emoji_project/data/Chinese/wavs/common_voice_zh-CN_32862009.wav|特里尔是最早的基督教在阿尔卑斯山北侧的主教教区。|特里尔是最早的基督教在阿尔卑斯山北侧的主教教区。
emoji_project/data/Chinese/wavs/common_voice_zh-CN_33378457.wav|克什米尔语是克什米尔邦的主要语言。|克什米尔语是克什米尔邦的主要语言。
emoji_project/data/Chinese/wavs/common_voice_zh-CN_32861792.wav|现效力于意甲球会那不勒斯。|现效力于意甲球会那不勒斯。
emoji_project/data/Chinese/wavs/common_voice_zh-CN_32861646.wav|蚌埠站位于中国安徽省蚌埠市淮河路。|蚌埠站位于中国安徽省蚌埠市淮河路。
emoji_project/data/Chinese/wavs/common_voice_zh-CN_32958575.wav|持续针对危险建筑进行盘点|持续针对危险建筑进行盘点
emoji_project/data/Chinese/wavs/common_voice_zh-CN_32862024.wav|他成为美国史上第一个因公殉职的众议员。|他成为美国史上第一个因公殉职的众议员。
emoji_project/data/Chinese/wavs/common_voice_zh-CN_32958568.wav|回龙寺塔的历史年代为宋代。|回龙寺塔的历史年代为宋代。
emoji_project/data/Chinese/wavs/common_voice_zh-CN_32875413.wav|飞行速度比其他澳洲出没的斑粉蝶稍快。|飞行速度比其他澳洲出没的斑粉蝶稍快。
emoji_project/data/Chinese/wavs/common_voice_zh-CN_32870885.wav|万历十三年联捷进士。|万历十三年联捷进士。
emoji_project/data/Chinese/wavs/common_voice_zh-CN_32958556.wav|也有人认为人民联盟可与中间党合并。|也有人认为人民联盟可与中间党合并。
emoji_project/data/Chinese/wavs/common_voice_zh-CN_33297475.wav|维基媒体旗下的其他项目和外语维基百科则未受此次封锁影响。|维基媒体旗下的其他项目和外语维基百科则未受此次封锁影响。
emoji_project/data/Chinese/wavs/common_voice_zh-CN_32861791.wav|主要城镇为里博维列。|主要城镇为里博维列。
emoji_project/data/Chinese/wavs/common_voice_zh-CN_33130395.wav|其他诸书皆称破凤阳为高迎祥的部下。|其他诸书皆称破凤阳为高迎祥的部下。
emoji_project/data/Chinese/wavs/common_voice_zh-CN_33359324.wav|甘青鼠李为鼠李科鼠李属下的一个种。|甘青鼠李为鼠李科鼠李属下的一个种。
emoji_project/data/Chinese/wavs/common_voice_zh-CN_33135246.wav|张氏是萧道成登基前的妾室。|张氏是萧道成登基前的妾室。
emoji_project/data/Chinese/wavs/common_voice_zh-CN_32861492.wav|该公园包括了该岛绝大多数的热带雨林。|该公园包括了该岛绝大多数的热带雨林。
emoji_project/data/Chinese/wavs/common_voice_zh-CN_32871156.wav|避免组织旅游团到汛情严重的区域旅游|避免组织旅游团到汛情严重的区域旅游
emoji_project/data/Chinese/wavs/common_voice_zh-CN_32861960.wav|圣公会格洛斯特教区是英格兰教会坎特伯雷教省下面的一个教区。|圣公会格洛斯特教区是英格兰教会坎特伯雷教省下面的一个教区。
emoji_project/data/Chinese/wavs/common_voice_zh-CN_33195683.wav|华盛顿州州道是华盛顿州境内由建设和维护的州级公路。|华盛顿州州道是华盛顿州境内由建设和维护的州级公路。
emoji_project/data/Chinese/wavs/common_voice_zh-CN_32861645.wav|赫尔曼一世死后葬于莱宁修道院。|赫尔曼一世死后葬于莱宁修道院。
emoji_project/data/Chinese/wavs/common_voice_zh-CN_33378472.wav|在唐宣宗和唐懿宗年间拜宰相。|在唐宣宗和唐懿宗年间拜宰相。
emoji_project/data/Chinese/wavs/common_voice_zh-CN_33212872.wav|次子弘昉袭爵为镇国公。|次子弘昉袭爵为镇国公。
emoji_project/data/Chinese/wavs/common_voice_zh-CN_32861489.wav|褐毛鲿为辐鳍鱼纲鲈形目鲈亚目石首鱼科毛鲿属的鱼类。|褐毛鲿为辐鳍鱼纲鲈形目鲈亚目石首鱼科毛鲿属的鱼类。
emoji_project/data/Chinese/wavs/common_voice_zh-CN_33212871.wav|本表列出了第二次世界大战中各国军队的指挥官。|本表列出了第二次世界大战中各国军队的指挥官。
emoji_project/data/Chinese/wavs/common_voice_zh-CN_33291636.wav|这种长效性的选择与影像播放速率能做最佳的匹配。|这种长效性的选择与影像播放速率能做最佳的匹配。
emoji_project/data/Chinese/wavs/common_voice_zh-CN_32862013.wav|加入中国民主促进会。|加入中国民主促进会。
emoji_project/data/Chinese/wavs/common_voice_zh-CN_32871125.wav|回到英语单词的例子上来。|回到英语单词的例子上来。
emoji_project/data/Chinese/wavs/common_voice_zh-CN_33135141.wav|桂竹绿斑蚜为斑蚜科凸唇斑蚜属下的一个种。|桂竹绿斑蚜为斑蚜科凸唇斑蚜属下的一个种。
emoji_project/data/Chinese/wavs/common_voice_zh-CN_32964011.wav|他自幼便先后在法兰西岛大区的维尼厄开始足球生涯。|他自幼便先后在法兰西岛大区的维尼厄开始足球生涯。
emoji_project/data/Chinese/wavs/common_voice_zh-CN_32861826.wav|十一年从经师罗卜桑札木养受沙弥戒。|十一年从经师罗卜桑札木养受沙弥戒。
emoji_project/data/Chinese/wavs/common_voice_zh-CN_34903461.wav|卡氏蟹蛛为蟹蛛科蟹蛛属的动物。|卡氏蟹蛛为蟹蛛科蟹蛛属的动物。
emoji_project/data/Chinese/wavs/common_voice_zh-CN_32880266.wav|丽叶沿阶草为百合科沿阶草属下的一个种。|丽叶沿阶草为百合科沿阶草属下的一个种。
emoji_project/data/Chinese/wavs/common_voice_zh-CN_32861821.wav|红旗出版社是中华人民共和国浙江省的一家出版社。|红旗出版社是中华人民共和国浙江省的一家出版社。
emoji_project/data/Chinese/wavs/common_voice_zh-CN_32861519.wav|其弟子著名者有五鹿充宗及王骏。|其弟子著名者有五鹿充宗及王骏。
emoji_project/data/Chinese/wavs/common_voice_zh-CN_33378458.wav|应有三分之二以上委员出席|应有三分之二以上委员出席
emoji_project/data/Chinese/wavs/common_voice_zh-CN_32871079.wav|光弹性是基于一些透明材料的双折射现象。|光弹性是基于一些透明材料的双折射现象。
emoji_project/data/Chinese/wavs/common_voice_zh-CN_32861906.wav|莫洛泽维奇以其具有攻击性以及非正统的行棋风格着称。|莫洛泽维奇以其具有攻击性以及非正统的行棋风格着称。
emoji_project/data/Chinese/wavs/common_voice_zh-CN_32875417.wav|黄委会机关位于河南省郑州市。|黄委会机关位于河南省郑州市。
emoji_project/data/Chinese/wavs/common_voice_zh-CN_33403824.wav|坑外东南不远有一处反照率较低的区域。|坑外东南不远有一处反照率较低的区域。
emoji_project/data/Chinese/wavs/common_voice_zh-CN_32871178.wav|其他的避孕方式不一定可以预防性病传播。|其他的避孕方式不一定可以预防性病传播。
emoji_project/data/Chinese/wavs/common_voice_zh-CN_32871152.wav|毕业于国立台北大学不动产与城乡环境学系。|毕业于国立台北大学不动产与城乡环境学系。
emoji_project/data/Chinese/wavs/common_voice_zh-CN_32880276.wav|一般人们用分贝来衡量噪音对有用信号的影响程度。|一般人们用分贝来衡量噪音对有用信号的影响程度。
emoji_project/data/Chinese/wavs/common_voice_zh-CN_32964010.wav|侯赛因继续顽抗导致联合国安理会授权美国领导的联盟使用武力。|侯赛因继续顽抗导致联合国安理会授权美国领导的联盟使用武力。
emoji_project/data/Chinese/wavs/common_voice_zh-CN_33291515.wav|牛兵是日本将棋的棋子之一。|牛兵是日本将棋的棋子之一。
emoji_project/data/Chinese/wavs/common_voice_zh-CN_32875380.wav|默迪卡杯足球赛举行的。|默迪卡杯足球赛举行的。
emoji_project/data/Chinese/wavs/common_voice_zh-CN_33274194.wav|天卫六是天王星的一颗内层卫星。|天卫六是天王星的一颗内层卫星。
emoji_project/data/Chinese/wavs/common_voice_zh-CN_33274257.wav|东仪天主教会法典联合制定适用于东方礼仪的教会法的法典之名称。|东仪天主教会法典联合制定适用于东方礼仪的教会法的法典之名称。
emoji_project/data/Chinese/wavs/common_voice_zh-CN_32958297.wav|后来第四任诸侯又加以扩建。|后来第四任诸侯又加以扩建。
emoji_project/data/Chinese/wavs/common_voice_zh-CN_32958435.wav|脱机外挂在赤壁中是不可能发展的。|脱机外挂在赤壁中是不可能发展的。
emoji_project/data/Chinese/wavs/common_voice_zh-CN_32958449.wav|本县县治为苏珊维尔。|本县县治为苏珊维尔。
emoji_project/data/Chinese/wavs/common_voice_zh-CN_33367224.wav|萍蓬草为睡莲科萍蓬草属的植物。|萍蓬草为睡莲科萍蓬草属的植物。
emoji_project/data/Chinese/wavs/common_voice_zh-CN_32875371.wav|如今其位于广州大厦西侧。|如今其位于广州大厦西侧。
emoji_project/data/Chinese/wavs/common_voice_zh-CN_33212970.wav|学校更名为湖北地质学院。|学校更名为湖北地质学院。
emoji_project/data/Chinese/wavs/common_voice_zh-CN_32862026.wav|马拉卡伊是巴西圣保罗州的一个市镇。|马拉卡伊是巴西圣保罗州的一个市镇。
emoji_project/data/Chinese/wavs/common_voice_zh-CN_32958409.wav|吴良早年与弟吴祯一同跟从朱元璋起兵濠梁。|吴良早年与弟吴祯一同跟从朱元璋起兵濠梁。
emoji_project/data/Chinese/wavs/common_voice_zh-CN_32875430.wav|哈皮为位在美国阿肯色州怀特县的非建制地区。|哈皮为位在美国阿肯色州怀特县的非建制地区。
emoji_project/data/Chinese/wavs/common_voice_zh-CN_36808240.wav|专注于现代艺术和让年轻人享受的参观现代艺术。|专注于现代艺术和让年轻人享受的参观现代艺术。
emoji_project/data/Chinese/wavs/common_voice_zh-CN_33274222.wav|和田地区位于新疆维吾尔自治区最南端。|和田地区位于新疆维吾尔自治区最南端。
emoji_project/data/Chinese/wavs/common_voice_zh-CN_32958419.wav|油印是在计算机打印未流行前的一种用蜡纸印刷的方法。|油印是在计算机打印未流行前的一种用蜡纸印刷的方法。
emoji_project/data/Chinese/wavs/common_voice_zh-CN_32880345.wav|同时茅台和郎酒并称为中国两大酱香型白酒。|同时茅台和郎酒并称为中国两大酱香型白酒。
emoji_project/data/Chinese/wavs/common_voice_zh-CN_33130210.wav|每层均装有不燃人造杉木板制成的外遮阳百叶。|每层均装有不燃人造杉木板制成的外遮阳百叶。
emoji_project/data/Chinese/wavs/common_voice_zh-CN_32871123.wav|该镇历史悠久的镇中心是南意大利大的镇中心之一。|该镇历史悠久的镇中心是南意大利大的镇中心之一。
emoji_project/data/Chinese/wavs/common_voice_zh-CN_33212831.wav|但是天气很好没有下雪|但是天气很好没有下雪
emoji_project/data/Chinese/wavs/common_voice_zh-CN_32875381.wav|热莫扎克人口变化图示|热莫扎克人口变化图示
emoji_project/data/Chinese/wavs/common_voice_zh-CN_32870865.wav|毕业后在沈阳飞机设计研究所工作。|毕业后在沈阳飞机设计研究所工作。
emoji_project/data/Chinese/wavs/common_voice_zh-CN_32875398.wav|拱门和穹顶的细部装饰体现了巴洛克风格的特点。|拱门和穹顶的细部装饰体现了巴洛克风格的特点。
emoji_project/data/Chinese/wavs/common_voice_zh-CN_32958465.wav|加拉布尔河畔拉罗班人口变化图示|加拉布尔河畔拉罗班人口变化图示
emoji_project/data/Chinese/wavs/common_voice_zh-CN_32958511.wav|常与乙二醇单硬脂酸酯合用。|常与乙二醇单硬脂酸酯合用。
emoji_project/data/Chinese/wavs/common_voice_zh-CN_32862099.wav|南海狮的个头和重量很大。|南海狮的个头和重量很大。
emoji_project/data/Chinese/wavs/common_voice_zh-CN_32958586.wav|东京都交响乐团是日本的一家管弦乐团。|东京都交响乐团是日本的一家管弦乐团。
emoji_project/data/Chinese/wavs/common_voice_zh-CN_32875426.wav|对面中国风格的龙山寺供奉的是观音菩萨。|对面中国风格的龙山寺供奉的是观音菩萨。
emoji_project/data/Chinese/wavs/common_voice_zh-CN_32875423.wav|野迫川村是奈良西南部的一村。|野迫川村是奈良西南部的一村。
emoji_project/data/Chinese/wavs/common_voice_zh-CN_32958288.wav|南亚过路黄为报春花科珍珠菜属的植物。|南亚过路黄为报春花科珍珠菜属的植物。
emoji_project/data/Chinese/wavs/common_voice_zh-CN_33195661.wav|崔氏四兄弟都中进士。|崔氏四兄弟都中进士。
emoji_project/data/Chinese/wavs/common_voice_zh-CN_32862049.wav|斑副热鲷是辐鳍鱼纲鲈形目隆头鱼亚目慈鲷科下的一种鱼类。|斑副热鲷是辐鳍鱼纲鲈形目隆头鱼亚目慈鲷科下的一种鱼类。
emoji_project/data/Chinese/wavs/common_voice_zh-CN_33403825.wav|繁殖前须确保公母鱼都开始发情。|繁殖前须确保公母鱼都开始发情。
emoji_project/data/Chinese/wavs/common_voice_zh-CN_32958555.wav|接收机自主完整性监测信号完整性的技术。|接收机自主完整性监测信号完整性的技术。
emoji_project/data/Chinese/wavs/common_voice_zh-CN_33409602.wav|深裂八角枫为山茱萸科八角枫属八角枫的亚种。|深裂八角枫为山茱萸科八角枫属八角枫的亚种。
emoji_project/data/Chinese/wavs/common_voice_zh-CN_32871179.wav|此时第一代搜寻引擎开始对网际网路分门别类。|此时第一代搜寻引擎开始对网际网路分门别类。
emoji_project/data/Chinese/wavs/common_voice_zh-CN_33130402.wav|之后麦克弗森自己去往达鲁国家海洋公园进行考察。|之后麦克弗森自己去往达鲁国家海洋公园进行考察。
emoji_project/data/Chinese/wavs/common_voice_zh-CN_35006103.wav|海宁是良渚文化发源地之一。|海宁是良渚文化发源地之一。
emoji_project/data/Chinese/wavs/common_voice_zh-CN_32964001.wav|梦想体育会名义出战香港超级联赛。|梦想体育会名义出战香港超级联赛。
emoji_project/data/Chinese/wavs/common_voice_zh-CN_33212917.wav|现在有常设摊位于台北市与东京都。|现在有常设摊位于台北市与东京都。
emoji_project/data/Chinese/wavs/common_voice_zh-CN_33291417.wav|四川虾脊兰为兰科虾脊兰属下的一个种。|四川虾脊兰为兰科虾脊兰属下的一个种。
emoji_project/data/Chinese/wavs/common_voice_zh-CN_33130312.wav|五月由香港文宗出版社付梓印行。|五月由香港文宗出版社付梓印行。
emoji_project/data/Chinese/wavs/common_voice_zh-CN_33291678.wav|衣服由模特儿自己缝制|衣服由模特儿自己缝制
emoji_project/data/Chinese/wavs/common_voice_zh-CN_33195639.wav|中村真衣是一名日本女子游泳运动员。|中村真衣是一名日本女子游泳运动员。
emoji_project/data/Chinese/wavs/common_voice_zh-CN_33291681.wav|赫德尔斯顿是位于美国阿肯色州蒙哥马利县的一个非建制地区。|赫德尔斯顿是位于美国阿肯色州蒙哥马利县的一个非建制地区。
emoji_project/data/Chinese/wavs/common_voice_zh-CN_33130228.wav|而西方不少电影亦以主角进行类似活动。|而西方不少电影亦以主角进行类似活动。
emoji_project/data/Chinese/wavs/common_voice_zh-CN_32861904.wav|洛克人系列的首部作品续作第三部。|洛克人系列的首部作品续作第三部。
emoji_project/data/Chinese/wavs/common_voice_zh-CN_32880348.wav|优点为速度快但搭载的资料量较少。|优点为速度快但搭载的资料量较少。
emoji_project/data/Chinese/wavs/common_voice_zh-CN_32875368.wav|可以证明无限制文法特征化了递归可枚举语言。|可以证明无限制文法特征化了递归可枚举语言。
emoji_project/data/Chinese/wavs/common_voice_zh-CN_33212969.wav|王金平与连战不满意马英九未任命更多属于他们的人马。|王金平与连战不满意马英九未任命更多属于他们的人马。
emoji_project/data/Chinese/wavs/common_voice_zh-CN_33378479.wav|拉多米尔是位于保加利亚西部的城市。|拉多米尔是位于保加利亚西部的城市。
emoji_project/data/Chinese/wavs/common_voice_zh-CN_33274221.wav|龙克罗勒人口变化图示|龙克罗勒人口变化图示
emoji_project/data/Chinese/wavs/common_voice_zh-CN_33130266.wav|山刺玫为蔷薇科蔷薇属下的一个种。|山刺玫为蔷薇科蔷薇属下的一个种。
emoji_project/data/Chinese/wavs/common_voice_zh-CN_32862012.wav|阿兰是奥地利下奥地利州巴登县的一个市镇。|阿兰是奥地利下奥地利州巴登县的一个市镇。
emoji_project/data/Chinese/wavs/common_voice_zh-CN_32871142.wav|美网一路闯进第四轮才败给小威廉丝。|美网一路闯进第四轮才败给小威廉丝。
emoji_project/data/Chinese/wavs/common_voice_zh-CN_32863420.wav|因此赫拉对宙斯的出轨行为非常不满。|因此赫拉对宙斯的出轨行为非常不满。
emoji_project/data/Chinese/wavs/common_voice_zh-CN_33130277.wav|克里特和迈锡尼的陶器则分别呈现出两种风格。|克里特和迈锡尼的陶器则分别呈现出两种风格。
emoji_project/data/Chinese/wavs/common_voice_zh-CN_32861518.wav|不是可数集的无穷集称为不可数集。|不是可数集的无穷集称为不可数集。
emoji_project/data/Chinese/wavs/common_voice_zh-CN_33291353.wav|往返于希洪和阿维莱斯的线路还会在和停靠。|往返于希洪和阿维莱斯的线路还会在和停靠。
emoji_project/data/Chinese/wavs/common_voice_zh-CN_33291508.wav|开幕后基本保持每周两次赛事活动。|开幕后基本保持每周两次赛事活动。
emoji_project/data/Chinese/wavs/common_voice_zh-CN_33274269.wav|筒球虫为胶球虫科筒球虫属的动物。|筒球虫为胶球虫科筒球虫属的动物。
emoji_project/data/Chinese/wavs/common_voice_zh-CN_32875418.wav|它们需要一些浮木及叶堆遮蔽处。|它们需要一些浮木及叶堆遮蔽处。
emoji_project/data/Chinese/wavs/common_voice_zh-CN_32875394.wav|改进版加大了翻领的尺寸与领口尺寸。|改进版加大了翻领的尺寸与领口尺寸。
emoji_project/data/Chinese/wavs/common_voice_zh-CN_32880282.wav|野坂参三与德田球一一起重建了日本共产党。|野坂参三与德田球一一起重建了日本共产党。
emoji_project/data/Chinese/wavs/common_voice_zh-CN_33291348.wav|哈根数是一个用于强制流动计算中的无量纲量。|哈根数是一个用于强制流动计算中的无量纲量。
emoji_project/data/Chinese/wavs/common_voice_zh-CN_32880319.wav|条纹分布样式的因不同个体而有较大的差异。|条纹分布样式的因不同个体而有较大的差异。
emoji_project/data/Chinese/wavs/common_voice_zh-CN_33130259.wav|元贞年间再改为横州。|元贞年间再改为横州。
emoji_project/data/Chinese/wavs/common_voice_zh-CN_32861556.wav|根岸隆的少年时代是在上海度过的。|根岸隆的少年时代是在上海度过的。
emoji_project/data/Chinese/wavs/common_voice_zh-CN_33291702.wav|郑树当烈士墓的历史年代为当代。|郑树当烈士墓的历史年代为当代。
emoji_project/data/Chinese/wavs/common_voice_zh-CN_32870987.wav|杜预也成为历史上唯一在文庙和武庙中都受到祭祀的贤臣。|杜预也成为历史上唯一在文庙和武庙中都受到祭祀的贤臣。
emoji_project/data/Chinese/wavs/common_voice_zh-CN_32862095.wav|他早年在都楞营子念小学。|他早年在都楞营子念小学。
emoji_project/data/Chinese/wavs/common_voice_zh-CN_32861908.wav|多明戈斯索阿里斯上校镇是巴西巴拉那州的一个市镇。|多明戈斯索阿里斯上校镇是巴西巴拉那州的一个市镇。
emoji_project/data/Chinese/wavs/common_voice_zh-CN_33378454.wav|小花锥花为唇形科锥花属下的一个种。|小花锥花为唇形科锥花属下的一个种。
emoji_project/data/Chinese/wavs/common_voice_zh-CN_32958287.wav|圣朱利安德布尔代伊。|圣朱利安德布尔代伊。
emoji_project/data/Chinese/wavs/common_voice_zh-CN_32964000.wav|殿试登进士第二甲第十三名。|殿试登进士第二甲第十三名。
emoji_project/data/Chinese/wavs/common_voice_zh-CN_32875382.wav|她是一名共和党党员。|她是一名共和党党员。
emoji_project/data/Chinese/wavs/common_voice_zh-CN_33274334.wav|当地其它发展主要是农业和农场。|当地其它发展主要是农业和农场。
emoji_project/data/Chinese/wavs/common_voice_zh-CN_32875383.wav|雪下红为报春花科紫金牛属下的一个种。|雪下红为报春花科紫金牛属下的一个种。
emoji_project/data/Chinese/wavs/common_voice_zh-CN_33130359.wav|憧憬是英国另类摇滚乐队基音乐队的首张专辑。|憧憬是英国另类摇滚乐队基音乐队的首张专辑。
emoji_project/data/Chinese/wavs/common_voice_zh-CN_33130269.wav|彭家祠的历史年代为清代。|彭家祠的历史年代为清代。
emoji_project/data/Chinese/wavs/common_voice_zh-CN_32875346.wav|被废的王室家族居住在博登湖以北的阿尔茨豪森城堡。|被废的王室家族居住在博登湖以北的阿尔茨豪森城堡。
emoji_project/data/Chinese/wavs/common_voice_zh-CN_33244535.wav|穿孔瘤胸蛛为皿蛛科瘤胸蛛属的动物。|穿孔瘤胸蛛为皿蛛科瘤胸蛛属的动物。
emoji_project/data/Chinese/wavs/common_voice_zh-CN_32870931.wav|政府通信总部和全球多个情报机构有着双边或是多边的合作关系。|政府通信总部和全球多个情报机构有着双边或是多边的合作关系。
emoji_project/data/Chinese/wavs/common_voice_zh-CN_32875379.wav|这道主菜随着不同区域中可取得的食材而有许多变化。|这道主菜随着不同区域中可取得的食材而有许多变化。
emoji_project/data/Chinese/wavs/common_voice_zh-CN_32958521.wav|而香港仔入口有灯号提示驾驶者左线或右线有挤塞。|而香港仔入口有灯号提示驾驶者左线或右线有挤塞。
emoji_project/data/Chinese/wavs/common_voice_zh-CN_34793461.wav|它们也要与野生的蜜蜂及入侵的深红玫瑰鹦鹉争夺地方来筑巢。|它们也要与野生的蜜蜂及入侵的深红玫瑰鹦鹉争夺地方来筑巢。
emoji_project/data/Chinese/wavs/common_voice_zh-CN_32870952.wav|奥克洛矿区是位于非洲加彭共和国上奥果韦省的一个产铀矿矿场。|奥克洛矿区是位于非洲加彭共和国上奥果韦省的一个产铀矿矿场。
emoji_project/data/Chinese/wavs/common_voice_zh-CN_33195701.wav|它是监督式学习和强化学习等策略之外的一种选择。|它是监督式学习和强化学习等策略之外的一种选择。
emoji_project/data/Chinese/wavs/common_voice_zh-CN_32875340.wav|膜内折指始祖古核生物细胞的质膜内折成为真核细胞的膜系统。|膜内折指始祖古核生物细胞的质膜内折成为真核细胞的膜系统。
emoji_project/data/Chinese/wavs/common_voice_zh-CN_32880318.wav|特乐弄蝶属是弄蝶科弄蝶亚科中的一个属。|特乐弄蝶属是弄蝶科弄蝶亚科中的一个属。
emoji_project/data/Chinese/wavs/common_voice_zh-CN_32958296.wav|乞伏智达等人在大夏击败乞伏公府。|乞伏智达等人在大夏击败乞伏公府。
emoji_project/data/Chinese/wavs/common_voice_zh-CN_32958558.wav|江西乡试第六十五名。|江西乡试第六十五名。
emoji_project/data/Chinese/wavs/common_voice_zh-CN_33130358.wav|以下路线由东急巴士营运。|以下路线由东急巴士营运。
emoji_project/data/Chinese/wavs/common_voice_zh-CN_33130297.wav|后去美国纽约开办房地产交易网站。|后去美国纽约开办房地产交易网站。
emoji_project/data/Chinese/wavs/common_voice_zh-CN_33195702.wav|云南回民头目任武在这时前往陕西鼓动宣传。|云南回民头目任武在这时前往陕西鼓动宣传。
emoji_project/data/Chinese/wavs/common_voice_zh-CN_33130309.wav|翼果驼蹄瓣为蒺藜科驼蹄瓣属的植物。|翼果驼蹄瓣为蒺藜科驼蹄瓣属的植物。
emoji_project/data/Chinese/wavs/common_voice_zh-CN_33291352.wav|本章并描述异教徒历代的折磨是对世人和未来的警告。|本章并描述异教徒历代的折磨是对世人和未来的警告。
emoji_project/data/Chinese/wavs/common_voice_zh-CN_33130260.wav|根本不可能有钱还他们|根本不可能有钱还他们
emoji_project/data/Chinese/wavs/common_voice_zh-CN_32875351.wav|后考入北京高等警官学校。|后考入北京高等警官学校。
emoji_project/data/Chinese/wavs/common_voice_zh-CN_33130337.wav|常用消毒药可将其杀死。|常用消毒药可将其杀死。
emoji_project/data/Chinese/wavs/common_voice_zh-CN_32958436.wav|海丰城隍庙的历史年代为明代。|海丰城隍庙的历史年代为明代。
emoji_project/data/Chinese/wavs/common_voice_zh-CN_33291680.wav|会展中心站位于沙河口区。|会展中心站位于沙河口区。
emoji_project/data/Chinese/wavs/common_voice_zh-CN_32958410.wav|莫里士随后也加入该公司。|莫里士随后也加入该公司。
emoji_project/data/Chinese/wavs/common_voice_zh-CN_32875357.wav|美国青蛙会在春天至夏天繁殖。|美国青蛙会在春天至夏天繁殖。
emoji_project/data/Chinese/wavs/common_voice_zh-CN_33297482.wav|喷泉冠以该市的象征鹰的石雕。|喷泉冠以该市的象征鹰的石雕。
emoji_project/data/Chinese/wavs/common_voice_zh-CN_33212950.wav|域的概念最初被阿贝尔和伽罗瓦用于他们对方程的可解性的工作上。|域的概念最初被阿贝尔和伽罗瓦用于他们对方程的可解性的工作上。
emoji_project/data/Chinese/wavs/common_voice_zh-CN_33195640.wav|此后她开始大量作画。|此后她开始大量作画。
emoji_project/data/Chinese/wavs/common_voice_zh-CN_33274225.wav|阔柱黄杨是黄杨科黄杨属的植物。|阔柱黄杨是黄杨科黄杨属的植物。
emoji_project/data/Chinese/wavs/common_voice_zh-CN_33291420.wav|爱德印刷公司和基督新教社会服务机构爱德基金会也都设在南京。|爱德印刷公司和基督新教社会服务机构爱德基金会也都设在南京。
emoji_project/data/Chinese/wavs/common_voice_zh-CN_33212851.wav|或许两个名字指代的都是来自蒂卡尔的同一人。|或许两个名字指代的都是来自蒂卡尔的同一人。
emoji_project/data/Chinese/wavs/common_voice_zh-CN_33130280.wav|布赫基兴是奥地利上奥地利州韦尔斯兰县的一个市镇。|布赫基兴是奥地利上奥地利州韦尔斯兰县的一个市镇。
emoji_project/data/Chinese/wavs/common_voice_zh-CN_33130275.wav|鲁萨斯是巴西塞阿拉州的一个市镇。|鲁萨斯是巴西塞阿拉州的一个市镇。
emoji_project/data/Chinese/wavs/common_voice_zh-CN_35433618.wav|担任沈阳中国医科大学妇婴学院院长。|担任沈阳中国医科大学妇婴学院院长。
emoji_project/data/Chinese/wavs/common_voice_zh-CN_33195690.wav|八丈岛是日本伊豆群岛中的一个岛屿。|八丈岛是日本伊豆群岛中的一个岛屿。
emoji_project/data/Chinese/wavs/common_voice_zh-CN_32871146.wav|这首颂歌常常用于日本的婚庆典礼。|这首颂歌常常用于日本的婚庆典礼。
emoji_project/data/Chinese/wavs/common_voice_zh-CN_32880300.wav|每个幂零元显然都是零因子。|每个幂零元显然都是零因子。
emoji_project/data/Chinese/wavs/common_voice_zh-CN_33130362.wav|布拉格高等法院维持相同判决。|布拉格高等法院维持相同判决。
emoji_project/data/Chinese/wavs/common_voice_zh-CN_33274290.wav|这一主题重复一次后进入第二主题。|这一主题重复一次后进入第二主题。
emoji_project/data/Chinese/wavs/common_voice_zh-CN_33195643.wav|该党是欧洲人民党成员。|该党是欧洲人民党成员。
emoji_project/data/Chinese/wavs/common_voice_zh-CN_35276216.wav|殿试登进士第三甲第二百二十三名。|殿试登进士第三甲第二百二十三名。
emoji_project/data/Chinese/wavs/common_voice_zh-CN_33212925.wav|英国广播公司高清台是英国广播公司的高清电视频道。|英国广播公司高清台是英国广播公司的高清电视频道。
emoji_project/data/Chinese/wavs/common_voice_zh-CN_32958495.wav|格兰德维尤镇区为美国堪萨斯州福特县辖下的镇区。|格兰德维尤镇区为美国堪萨斯州福特县辖下的镇区。
emoji_project/data/Chinese/wavs/common_voice_zh-CN_33367226.wav|它位于该市西区特蕾西娅草坪巴伐利亚雕像和名人堂后面。|它位于该市西区特蕾西娅草坪巴伐利亚雕像和名人堂后面。
emoji_project/data/Chinese/wavs/common_voice_zh-CN_33130391.wav|他的主要支持者是英格兰国王爱德华三世。|他的主要支持者是英格兰国王爱德华三世。
emoji_project/data/Chinese/wavs/common_voice_zh-CN_32875424.wav|沙直马沙是跨越沙漠到苏丹的贸易枢纽。|沙直马沙是跨越沙漠到苏丹的贸易枢纽。
emoji_project/data/Chinese/wavs/common_voice_zh-CN_32875364.wav|该社团至今组织过多次集会游行等活动。|该社团至今组织过多次集会游行等活动。
emoji_project/data/Chinese/wavs/common_voice_zh-CN_32880354.wav|钱我以后一定会还你的|钱我以后一定会还你的
emoji_project/data/Chinese/wavs/common_voice_zh-CN_32963993.wav|行政上属于仁川广域市江华郡。|行政上属于仁川广域市江华郡。
emoji_project/data/Chinese/wavs/common_voice_zh-CN_32958488.wav|孟买是排名世界第六位的大都会区。|孟买是排名世界第六位的大都会区。
emoji_project/data/Chinese/wavs/common_voice_zh-CN_32871153.wav|克雷姆斯谷地罗尔是奥地利上奥地利州施泰尔兰县的一个市镇。|克雷姆斯谷地罗尔是奥地利上奥地利州施泰尔兰县的一个市镇。
emoji_project/data/Chinese/wavs/common_voice_zh-CN_32871180.wav|桂昌院在宽永元年于京都出生。|桂昌院在宽永元年于京都出生。
emoji_project/data/Chinese/wavs/common_voice_zh-CN_33195696.wav|劳斯莱斯有限公司共同创立。|劳斯莱斯有限公司共同创立。
emoji_project/data/Chinese/wavs/common_voice_zh-CN_32958439.wav|此站设有两个侧式月台和三条轨道。|此站设有两个侧式月台和三条轨道。
emoji_project/data/Chinese/wavs/common_voice_zh-CN_33291444.wav|元格延聘学士路泽教导元好问。|元格延聘学士路泽教导元好问。
emoji_project/data/Chinese/wavs/common_voice_zh-CN_33195664.wav|父亲是开化天皇皇子彦坐王。|父亲是开化天皇皇子彦坐王。
emoji_project/data/Chinese/wavs/common_voice_zh-CN_32875353.wav|圣夏勒拉福雷人口变化图示|圣夏勒拉福雷人口变化图示
emoji_project/data/Chinese/wavs/common_voice_zh-CN_33130257.wav|双形花狸藻为狸藻属多年生中型浮生食虫植物。|双形花狸藻为狸藻属多年生中型浮生食虫植物。
emoji_project/data/Chinese/wavs/common_voice_zh-CN_33291557.wav|两个版本的演示显示关卡和图形画面不同。|两个版本的演示显示关卡和图形画面不同。
emoji_project/data/Chinese/wavs/common_voice_zh-CN_32871056.wav|此作发生在一所废弃的学校。|此作发生在一所废弃的学校。
emoji_project/data/Chinese/wavs/common_voice_zh-CN_33274195.wav|该湖的主要沉积物是芒硝。|该湖的主要沉积物是芒硝。
emoji_project/data/Chinese/wavs/common_voice_zh-CN_36164440.wav|因为记忆体如此有限的计算器无法储存如此巨大的输入。|因为记忆体如此有限的计算器无法储存如此巨大的输入。
emoji_project/data/Chinese/wavs/common_voice_zh-CN_32875361.wav|大约一个月之后遭到免职。|大约一个月之后遭到免职。
emoji_project/data/Chinese/wavs/common_voice_zh-CN_33212968.wav|舌根音是按发音部位分类的一类辅音。|舌根音是按发音部位分类的一类辅音。
emoji_project/data/Chinese/wavs/common_voice_zh-CN_32861959.wav|这亦是第一枚私人研发的液态轨道火箭成功进入地球轨道。|这亦是第一枚私人研发的液态轨道火箭成功进入地球轨道。
emoji_project/data/Chinese/wavs/common_voice_zh-CN_33378470.wav|孙坚举兵讨董卓时杀了南阳太守张咨。|孙坚举兵讨董卓时杀了南阳太守张咨。
emoji_project/data/Chinese/wavs/common_voice_zh-CN_32862021.wav|吉普瑟姆镇区为美国堪萨斯州塞奇威克县辖下的镇区。|吉普瑟姆镇区为美国堪萨斯州塞奇威克县辖下的镇区。
emoji_project/data/Chinese/wavs/common_voice_zh-CN_33130247.wav|高坂停车区是位于广岛县三原市的山阳自动车道之休息区。|高坂停车区是位于广岛县三原市的山阳自动车道之休息区。
emoji_project/data/Chinese/wavs/common_voice_zh-CN_32862109.wav|莫罗还要求地方执法官员在对待私刑暴力的立场上与自己保持一致。|莫罗还要求地方执法官员在对待私刑暴力的立场上与自己保持一致。
emoji_project/data/Chinese/wavs/common_voice_zh-CN_32958529.wav|加提耶尔人口变化图示|加提耶尔人口变化图示
emoji_project/data/Chinese/wavs/common_voice_zh-CN_32880321.wav|婆婆和小叔也常常帮忙。|婆婆和小叔也常常帮忙。
emoji_project/data/Chinese/wavs/common_voice_zh-CN_33274274.wav|多板盾尾鱼为刺尾鱼科多板盾尾鱼属的鱼类。|多板盾尾鱼为刺尾鱼科多板盾尾鱼属的鱼类。
emoji_project/data/Chinese/wavs/common_voice_zh-CN_32875419.wav|和名名城里之子亲云上春傍。|和名名城里之子亲云上春傍。
emoji_project/data/Chinese/wavs/common_voice_zh-CN_32861596.wav|台湾汉族的汉名是以一个姓氏与一个名字为结构。|台湾汉族的汉名是以一个姓氏与一个名字为结构。
emoji_project/data/Chinese/wavs/common_voice_zh-CN_32861870.wav|现旺市一带原为休伦族原住民的栖身之地。|现旺市一带原为休伦族原住民的栖身之地。
emoji_project/data/Chinese/wavs/common_voice_zh-CN_32861824.wav|辐射缘口吸虫为棘口科缘口属的动物。|辐射缘口吸虫为棘口科缘口属的动物。
emoji_project/data/Chinese/wavs/common_voice_zh-CN_32880253.wav|这样来划分比例是有道理的。|这样来划分比例是有道理的。
emoji_project/data/Chinese/wavs/common_voice_zh-CN_32875372.wav|本列表为中华人民共和国驻苏里南历任大使名录。|本列表为中华人民共和国驻苏里南历任大使名录。
emoji_project/data/Chinese/wavs/common_voice_zh-CN_33291416.wav|卡特也在这个时期内被交换到新泽西篮网。|卡特也在这个时期内被交换到新泽西篮网。
emoji_project/data/Chinese/wavs/common_voice_zh-CN_33195678.wav|也有一些产品声称能够用于避孕。|也有一些产品声称能够用于避孕。
emoji_project/data/Chinese/wavs/common_voice_zh-CN_32958422.wav|三兄弟都声称在很多场合见到过母亲的幽灵或者听到过母亲的声音。|三兄弟都声称在很多场合见到过母亲的幽灵或者听到过母亲的声音。
emoji_project/data/Chinese/wavs/common_voice_zh-CN_32870930.wav|本次地震已被列入美国国家海洋和大气管理局显着地震列表。|本次地震已被列入美国国家海洋和大气管理局显着地震列表。
emoji_project/data/Chinese/wavs/common_voice_zh-CN_32861992.wav|贝伦加尔是弗留利藩侯与妻子吉塞拉的儿子。|贝伦加尔是弗留利藩侯与妻子吉塞拉的儿子。
emoji_project/data/Chinese/wavs/common_voice_zh-CN_32958522.wav|但最大挑战是要如何令市民大众重视气候问题。|但最大挑战是要如何令市民大众重视气候问题。
emoji_project/data/Chinese/wavs/common_voice_zh-CN_33274208.wav|早在新石器时期绛县就有人类居住。|早在新石器时期绛县就有人类居住。
emoji_project/data/Chinese/wavs/common_voice_zh-CN_33297493.wav|基姆是位于美国亚利桑那州尤马县的一个非建制地区。|基姆是位于美国亚利桑那州尤马县的一个非建制地区。
emoji_project/data/Chinese/wavs/common_voice_zh-CN_32880298.wav|该物种的模式产地在日本南部。|该物种的模式产地在日本南部。
emoji_project/data/Chinese/wavs/common_voice_zh-CN_32861927.wav|为各地办理相关案件提供参照|为各地办理相关案件提供参照
emoji_project/data/Chinese/wavs/common_voice_zh-CN_34885165.wav|崇基学院校园位于香港新界大埔公路十一咪半东北之山谷。|崇基学院校园位于香港新界大埔公路十一咪半东北之山谷。
emoji_project/data/Chinese/wavs/common_voice_zh-CN_33274319.wav|线叶唇柱苣苔为苦苣苔科唇柱苣苔属下的一个种。|线叶唇柱苣苔为苦苣苔科唇柱苣苔属下的一个种。
emoji_project/data/Chinese/wavs/common_voice_zh-CN_32958318.wav|一把香为瑞香科荛花属的植物。|一把香为瑞香科荛花属的植物。
emoji_project/data/Chinese/wavs/common_voice_zh-CN_33130244.wav|西汉义阳侯傅介子始居北地郡。|西汉义阳侯傅介子始居北地郡。
emoji_project/data/Chinese/wavs/common_voice_zh-CN_32958600.wav|另在第一背鳍下方之纵带上有一黑斑。|另在第一背鳍下方之纵带上有一黑斑。
emoji_project/data/Chinese/wavs/common_voice_zh-CN_33291766.wav|瑞士共有四名运动员获得奥运铁人三项的资格。|瑞士共有四名运动员获得奥运铁人三项的资格。
emoji_project/data/Chinese/wavs/common_voice_zh-CN_32861490.wav|想占有的东西就是想占有|想占有的东西就是想占有
emoji_project/data/Chinese/wavs/common_voice_zh-CN_32958603.wav|此后每年南海舰队都举办军舰和军史馆开放周活动。|此后每年南海舰队都举办军舰和军史馆开放周活动。
emoji_project/data/Chinese/wavs/common_voice_zh-CN_33367229.wav|液态主要有硅酸盐等物质。|液态主要有硅酸盐等物质。
emoji_project/data/Chinese/wavs/common_voice_zh-CN_32870978.wav|位于西翼的统治者会馆是统治者会议举行的场所。|位于西翼的统治者会馆是统治者会议举行的场所。
emoji_project/data/Chinese/wavs/common_voice_zh-CN_32958452.wav|罗伯特希望这份文字记录能够帮助以后政府免犯政策错误。|罗伯特希望这份文字记录能够帮助以后政府免犯政策错误。
emoji_project/data/Chinese/wavs/common_voice_zh-CN_33297476.wav|但仍有少部分国家的演奏家是夹琴呈几乎水平的姿态演奏。|但仍有少部分国家的演奏家是夹琴呈几乎水平的姿态演奏。
emoji_project/data/Chinese/wavs/common_voice_zh-CN_32958377.wav|另外还可使用更传统的型号。|另外还可使用更传统的型号。
emoji_project/data/Chinese/wavs/common_voice_zh-CN_33291709.wav|秘密印刷并向社会发布。|秘密印刷并向社会发布。
emoji_project/data/Chinese/wavs/common_voice_zh-CN_32880262.wav|该家族自称是从杰拉德一世的后代。|该家族自称是从杰拉德一世的后代。
emoji_project/data/Chinese/wavs/common_voice_zh-CN_32870953.wav|这是加拿大不列颠哥伦比亚省的社区列表。|这是加拿大不列颠哥伦比亚省的社区列表。
emoji_project/data/Chinese/wavs/common_voice_zh-CN_33130272.wav|本套币开始使用固定人像水印及安全线作为防伪功能。|本套币开始使用固定人像水印及安全线作为防伪功能。
emoji_project/data/Chinese/wavs/common_voice_zh-CN_32958406.wav|叶基包住茎部周长的二分之一至三分之一。|叶基包住茎部周长的二分之一至三分之一。
emoji_project/data/Chinese/wavs/common_voice_zh-CN_32862014.wav|最出名的是其精致的楼梯。|最出名的是其精致的楼梯。
emoji_project/data/Chinese/wavs/common_voice_zh-CN_32861976.wav|流经主要城市有首都布加勒斯特。|流经主要城市有首都布加勒斯特。
emoji_project/data/Chinese/wavs/common_voice_zh-CN_32861865.wav|光萼小蜡是木犀科女贞属小蜡的变种。|光萼小蜡是木犀科女贞属小蜡的变种。
emoji_project/data/Chinese/wavs/common_voice_zh-CN_32964018.wav|黄花珀菊是菊科珀菊属的植物。|黄花珀菊是菊科珀菊属的植物。
emoji_project/data/Chinese/wavs/common_voice_zh-CN_33181366.wav|马坦萨斯穴鼠是古巴特有的一种棘鼠科。|马坦萨斯穴鼠是古巴特有的一种棘鼠科。
emoji_project/data/Chinese/wavs/common_voice_zh-CN_32958290.wav|车体正面有着大幅度的倾斜装甲。|车体正面有着大幅度的倾斜装甲。
emoji_project/data/Chinese/wavs/common_voice_zh-CN_33367225.wav|选择排序的主要优点与数据移动有关。|选择排序的主要优点与数据移动有关。
emoji_project/data/Chinese/wavs/common_voice_zh-CN_32861822.wav|姚国桢隶属皖系段祺瑞派安福系。|姚国桢隶属皖系段祺瑞派安福系。
emoji_project/data/Chinese/wavs/common_voice_zh-CN_33274322.wav|其亦为国际铁路联盟成员。|其亦为国际铁路联盟成员。
emoji_project/data/Chinese/wavs/common_voice_zh-CN_32958483.wav|赫歇尔撞击坑是位于土卫一的一个巨型撞击坑。|赫歇尔撞击坑是位于土卫一的一个巨型撞击坑。
emoji_project/data/Chinese/wavs/common_voice_zh-CN_32963997.wav|中央路轨同时亦往北延伸有一定长度。|中央路轨同时亦往北延伸有一定长度。
emoji_project/data/Chinese/wavs/common_voice_zh-CN_33274204.wav|俄亥俄派尔州立公园。|俄亥俄派尔州立公园。
emoji_project/data/Chinese/wavs/common_voice_zh-CN_33130263.wav|也是诚道塾空手道的创办者。|也是诚道塾空手道的创办者。
emoji_project/data/Chinese/wavs/common_voice_zh-CN_32875422.wav|构成大半人口的土着居住生活仍然恶劣。|构成大半人口的土着居住生活仍然恶劣。
emoji_project/data/Chinese/wavs/common_voice_zh-CN_33291808.wav|症状的严重程度因人而异。|症状的严重程度因人而异。
emoji_project/data/Chinese/wavs/common_voice_zh-CN_32875367.wav|模糊翻译目前已在应用当中。|模糊翻译目前已在应用当中。
emoji_project/data/Chinese/wavs/common_voice_zh-CN_32862016.wav|槲蕨是水龙骨科槲蕨属下的一个种。|槲蕨是水龙骨科槲蕨属下的一个种。
emoji_project/data/Chinese/wavs/common_voice_zh-CN_32875363.wav|信浓国的领域大约为现在的长野县。|信浓国的领域大约为现在的长野县。
emoji_project/data/Chinese/wavs/common_voice_zh-CN_32875354.wav|自古以来多有诗人提及该处。|自古以来多有诗人提及该处。
emoji_project/data/Chinese/wavs/common_voice_zh-CN_35006137.wav|本种果实因具刺状物而得名刺蒺藜。|本种果实因具刺状物而得名刺蒺藜。
emoji_project/data/Chinese/wavs/common_voice_zh-CN_32861539.wav|这次也要给他喝个过瘾。|这次也要给他喝个过瘾。
emoji_project/data/Chinese/wavs/common_voice_zh-CN_33175202.wav|圣伯多禄大殿的穹顶构成罗马城天际线的主要标志。|圣伯多禄大殿的穹顶构成罗马城天际线的主要标志。
emoji_project/data/Chinese/wavs/common_voice_zh-CN_33378476.wav|加莱科维奇也代表澳大利亚国家足球队参加比赛。|加莱科维奇也代表澳大利亚国家足球队参加比赛。
emoji_project/data/Chinese/wavs/common_voice_zh-CN_32862020.wav|中国残疾人联合会办公厅承担国务院残疾人工作委员会的日常工作。|中国残疾人联合会办公厅承担国务院残疾人工作委员会的日常工作。
emoji_project/data/Chinese/wavs/common_voice_zh-CN_33130293.wav|接着布莉决定把拖比带到他生活的洛杉矶。|接着布莉决定把拖比带到他生活的洛杉矶。
emoji_project/data/Chinese/wavs/common_voice_zh-CN_32861598.wav|城墙内有为教宗修筑的教宗宫。|城墙内有为教宗修筑的教宗宫。
emoji_project/data/Chinese/wavs/common_voice_zh-CN_32875415.wav|尼可已经可以去洛杉矶了。|尼可已经可以去洛杉矶了。
emoji_project/data/Chinese/wavs/common_voice_zh-CN_32861926.wav|港式西餐在香港的茶餐厅及港式快餐店也很常见。|港式西餐在香港的茶餐厅及港式快餐店也很常见。
emoji_project/data/Chinese/wavs/common_voice_zh-CN_33274207.wav|播出后收视率一直较低。|播出后收视率一直较低。
emoji_project/data/Chinese/wavs/common_voice_zh-CN_33378469.wav|潘丘卢保山坐落于苏门答腊多巴湖附近。|潘丘卢保山坐落于苏门答腊多巴湖附近。
emoji_project/data/Chinese/wavs/common_voice_zh-CN_33291447.wav|其前身是明清两代皇宫紫禁城。|其前身是明清两代皇宫紫禁城。
emoji_project/data/Chinese/wavs/common_voice_zh-CN_32958407.wav|叶斑八氏蛛为园蛛科八氏蛛属的动物。|叶斑八氏蛛为园蛛科八氏蛛属的动物。
emoji_project/data/Chinese/wavs/common_voice_zh-CN_33130237.wav|乐曲有不少乐句是七声音阶的旋律。|乐曲有不少乐句是七声音阶的旋律。
emoji_project/data/Chinese/wavs/common_voice_zh-CN_33339173.wav|万历二十六年戊戌科进士。|万历二十六年戊戌科进士。
emoji_project/data/Chinese/wavs/common_voice_zh-CN_33297483.wav|此为魏多的早期音乐风格。|此为魏多的早期音乐风格。
emoji_project/data/Chinese/wavs/common_voice_zh-CN_33195647.wav|波兰斯基的电影剧本改编为他赢得第二次奥斯卡奖提名。|波兰斯基的电影剧本改编为他赢得第二次奥斯卡奖提名。
emoji_project/data/Chinese/wavs/common_voice_zh-CN_32958505.wav|天睿公司总部设在俄亥俄州迈阿密斯堡。|天睿公司总部设在俄亥俄州迈阿密斯堡。
emoji_project/data/Chinese/wavs/common_voice_zh-CN_32958320.wav|伊科诺米是位于美国阿肯色州波普县的一个非建制地区。|伊科诺米是位于美国阿肯色州波普县的一个非建制地区。
emoji_project/data/Chinese/wavs/common_voice_zh-CN_32958356.wav|该党是纳瓦拉的政党联盟左翼的成员。|该党是纳瓦拉的政党联盟左翼的成员。
emoji_project/data/Chinese/wavs/common_voice_zh-CN_33130276.wav|路易和马塞尔都有亲自参与赛车。|路易和马塞尔都有亲自参与赛车。
emoji_project/data/Chinese/wavs/common_voice_zh-CN_33378464.wav|长柄竹叶榕为桑科榕属下的一个变种。|长柄竹叶榕为桑科榕属下的一个变种。
emoji_project/data/Chinese/wavs/common_voice_zh-CN_32958581.wav|毕业于湖北广播电视大学经济管理专业。|毕业于湖北广播电视大学经济管理专业。
emoji_project/data/Chinese/wavs/common_voice_zh-CN_36287080.wav|田螺坑土楼群均为黄姓族人居住。|田螺坑土楼群均为黄姓族人居住。
emoji_project/data/Chinese/wavs/common_voice_zh-CN_36297979.wav|按双向两车道一级公路标准建设。|按双向两车道一级公路标准建设。
emoji_project/data/Chinese/wavs/common_voice_zh-CN_33130308.wav|也可以用来试着用爆炸的方式让炸弹下落。|也可以用来试着用爆炸的方式让炸弹下落。
emoji_project/data/Chinese/wavs/common_voice_zh-CN_33195684.wav|旋转的惯质可以结合飞轮以及差速器的环齿轮。|旋转的惯质可以结合飞轮以及差速器的环齿轮。
emoji_project/data/Chinese/wavs/common_voice_zh-CN_33074583.wav|曾在堑壕战中被用来从壕沟观察敌军动态。|曾在堑壕战中被用来从壕沟观察敌军动态。
emoji_project/data/Chinese/wavs/common_voice_zh-CN_32958291.wav|向梁铁路沿线只有向塘西站和梁家渡站两个车站。|向梁铁路沿线只有向塘西站和梁家渡站两个车站。
emoji_project/data/Chinese/wavs/common_voice_zh-CN_32875421.wav|十津川村是日本奈良县最南端的一个村级行政区。|十津川村是日本奈良县最南端的一个村级行政区。
emoji_project/data/Chinese/wavs/common_voice_zh-CN_32861946.wav|岩墙群是一种厚度比较稳定的近直立的板状岩浆侵入体的集合体。|岩墙群是一种厚度比较稳定的近直立的板状岩浆侵入体的集合体。
emoji_project/data/Chinese/wavs/common_voice_zh-CN_32958408.wav|澳洲白尾鼠属等之数种哺乳动物。|澳洲白尾鼠属等之数种哺乳动物。
emoji_project/data/Chinese/wavs/common_voice_zh-CN_33291351.wav|大厦邻近温哥华架空列车加拿大线的。|大厦邻近温哥华架空列车加拿大线的。
emoji_project/data/Chinese/wavs/common_voice_zh-CN_32880334.wav|随家庭长期寓居上海。|随家庭长期寓居上海。
emoji_project/data/Chinese/wavs/common_voice_zh-CN_33130343.wav|纠结难断的情感也必须在生死间得到答案。|纠结难断的情感也必须在生死间得到答案。
emoji_project/data/Chinese/wavs/common_voice_zh-CN_32963996.wav|杜拜司马经典赛是于阿联酋杜拜美丹马场举行的赛马比赛。|杜拜司马经典赛是于阿联酋杜拜美丹马场举行的赛马比赛。
emoji_project/data/Chinese/wavs/common_voice_zh-CN_32871008.wav|非知情者试图从知情投资者的交易中提取信息。|非知情者试图从知情投资者的交易中提取信息。
emoji_project/data/Chinese/wavs/common_voice_zh-CN_32861998.wav|此国家未获得包括苏俄在内的任何国家承认。|此国家未获得包括苏俄在内的任何国家承认。
emoji_project/data/Chinese/wavs/common_voice_zh-CN_33274270.wav|马西尼厄德里夫人口变化图示|马西尼厄德里夫人口变化图示
emoji_project/data/Chinese/wavs/common_voice_zh-CN_32861461.wav|很多种因花色鲜艳而栽培在花园中。|很多种因花色鲜艳而栽培在花园中。
emoji_project/data/Chinese/wavs/common_voice_zh-CN_33367214.wav|侧线上有成排交叠鳞片。|侧线上有成排交叠鳞片。
emoji_project/data/Chinese/wavs/common_voice_zh-CN_35276228.wav|斯里兰卡议会期后对购买行动展开了调查。|斯里兰卡议会期后对购买行动展开了调查。
emoji_project/data/Chinese/wavs/common_voice_zh-CN_32861987.wav|他现在效力于意大利足球甲级联赛球队桑普多利亚足球俱乐部。|他现在效力于意大利足球甲级联赛球队桑普多利亚足球俱乐部。
emoji_project/data/Chinese/wavs/common_voice_zh-CN_33291593.wav|在政府建筑物都悬挂三面旗帜。|在政府建筑物都悬挂三面旗帜。
emoji_project/data/Chinese/wavs/common_voice_zh-CN_32862087.wav|另对输美的非方向性电磁钢片产品课征平衡税。|另对输美的非方向性电磁钢片产品课征平衡税。
emoji_project/data/Chinese/wavs/common_voice_zh-CN_32958317.wav|专门为这些浏览器设计的网站被称为无线入口网站。|专门为这些浏览器设计的网站被称为无线入口网站。
emoji_project/data/Chinese/wavs/common_voice_zh-CN_32861868.wav|珠江频道境外版亦会重播配有中英文字幕的旧集数。|珠江频道境外版亦会重播配有中英文字幕的旧集数。
emoji_project/data/Chinese/wavs/common_voice_zh-CN_33291759.wav|此形象与祆教维施帕卡神形像正相一致。|此形象与祆教维施帕卡神形像正相一致。
emoji_project/data/Chinese/wavs/common_voice_zh-CN_32964007.wav|洛克马里亚凯尔人口变化图示|洛克马里亚凯尔人口变化图示
emoji_project/data/Chinese/wavs/common_voice_zh-CN_33291682.wav|温德拉敏宫是义大利城市威尼斯的一座建筑。|温德拉敏宫是义大利城市威尼斯的一座建筑。
emoji_project/data/Chinese/wavs/common_voice_zh-CN_33212947.wav|铕的一些性质和其半满的电子层有很大的关系。|铕的一些性质和其半满的电子层有很大的关系。
emoji_project/data/Chinese/wavs/common_voice_zh-CN_32870862.wav|一个是系统内粒子的微观运动所产生的微观动能。|一个是系统内粒子的微观运动所产生的微观动能。
emoji_project/data/Chinese/wavs/common_voice_zh-CN_33195652.wav|因此机长向长滩的机场塔台通报。|因此机长向长滩的机场塔台通报。
emoji_project/data/Chinese/wavs/common_voice_zh-CN_34926412.wav|巴达克山国王素勒坦沙在清朝的反复军事威胁下将二人杀害。|巴达克山国王素勒坦沙在清朝的反复军事威胁下将二人杀害。
emoji_project/data/Chinese/wavs/common_voice_zh-CN_32861997.wav|寺内也有各种图案风格和在屋顶横梁上画的镂空地板的装饰。|寺内也有各种图案风格和在屋顶横梁上画的镂空地板的装饰。
emoji_project/data/Chinese/wavs/common_voice_zh-CN_33195669.wav|目前主要由辛代尔飞行运动俱乐部使用。|目前主要由辛代尔飞行运动俱乐部使用。
emoji_project/data/Chinese/wavs/common_voice_zh-CN_32964009.wav|人人有权离开任何国家,包括其本国在内,并有权返回他的国家。|人人有权离开任何国家,包括其本国在内,并有权返回他的国家。
emoji_project/data/Chinese/wavs/common_voice_zh-CN_32958527.wav|他还曾因为兴奋剂检测呈阳性而两次被大联盟禁赛。|他还曾因为兴奋剂检测呈阳性而两次被大联盟禁赛。
emoji_project/data/Chinese/wavs/common_voice_zh-CN_32861597.wav|一般中小型瓦通纸盒能在生活用品店购得。|一般中小型瓦通纸盒能在生活用品店购得。
emoji_project/data/Chinese/wavs/common_voice_zh-CN_33130380.wav|新上任的白春元对黎文悦及其支持者的清算。|新上任的白春元对黎文悦及其支持者的清算。
emoji_project/data/Chinese/wavs/common_voice_zh-CN_32863417.wav|此犹太会堂一直使用到第二次世界大战期间纳粹占领比尔森。|此犹太会堂一直使用到第二次世界大战期间纳粹占领比尔森。
emoji_project/data/Chinese/wavs/common_voice_zh-CN_33274258.wav|汉语亲属系统或的一种。|汉语亲属系统或的一种。
emoji_project/data/Chinese/wavs/common_voice_zh-CN_33130215.wav|摩纳哥法郎和法国法郎等值。|摩纳哥法郎和法国法郎等值。
emoji_project/data/Chinese/wavs/common_voice_zh-CN_32875428.wav|他也代表奥地利国家足球队参赛。|他也代表奥地利国家足球队参赛。
emoji_project/data/Chinese/wavs/common_voice_zh-CN_33181441.wav|平等主义是一种强调全人类平等的学术思想。|平等主义是一种强调全人类平等的学术思想。
emoji_project/data/Chinese/wavs/common_voice_zh-CN_36808232.wav|百夫长这个名称来自于他们所领导百人队。|百夫长这个名称来自于他们所领导百人队。
emoji_project/data/Chinese/wavs/common_voice_zh-CN_32875362.wav|主要代表人物有东周战国末期齐国的邹衍。|主要代表人物有东周战国末期齐国的邹衍。
emoji_project/data/Chinese/wavs/common_voice_zh-CN_33130331.wav|徐州绥靖公署第一兵团司令等职。|徐州绥靖公署第一兵团司令等职。
emoji_project/data/Chinese/wavs/common_voice_zh-CN_35252383.wav|第斯普尔也是出名的茶叶拍卖中心。|第斯普尔也是出名的茶叶拍卖中心。
emoji_project/data/Chinese/wavs/common_voice_zh-CN_33130401.wav|改建方案将使济南和济南西铁路地区各自形成配套能力。|改建方案将使济南和济南西铁路地区各自形成配套能力。
emoji_project/data/Chinese/wavs/common_voice_zh-CN_32958545.wav|大戟亚科是大戟科旗下三个亚科的其中之一。|大戟亚科是大戟科旗下三个亚科的其中之一。
emoji_project/data/Chinese/wavs/common_voice_zh-CN_32862003.wav|毕业后不久到河南省许昌县灞陵中学当教员。|毕业后不久到河南省许昌县灞陵中学当教员。
emoji_project/data/Chinese/wavs/common_voice_zh-CN_33212899.wav|元朝至元十四年改为武冈路。|元朝至元十四年改为武冈路。
emoji_project/data/Chinese/wavs/common_voice_zh-CN_32861989.wav|具有固体地球物理学和防灾减灾工程与防护工程硕士学位授权点。|具有固体地球物理学和防灾减灾工程与防护工程硕士学位授权点。
emoji_project/data/Chinese/wavs/common_voice_zh-CN_33378463.wav|艾草钉毛蚜为常蚜科钉毛蚜属下的一个种。|艾草钉毛蚜为常蚜科钉毛蚜属下的一个种。
emoji_project/data/Chinese/wavs/common_voice_zh-CN_32880275.wav|目前是乌克兰实际控制的卢甘斯克州首府暂时所在地。|目前是乌克兰实际控制的卢甘斯克州首府暂时所在地。
emoji_project/data/Chinese/wavs/common_voice_zh-CN_33367188.wav|主要城镇为罗纳河畔图尔农。|主要城镇为罗纳河畔图尔农。
emoji_project/data/Chinese/wavs/common_voice_zh-CN_32880328.wav|道奇兰是位于美国加利福尼亚州比尤特县的一个非建制地区。|道奇兰是位于美国加利福尼亚州比尤特县的一个非建制地区。
emoji_project/data/Chinese/wavs/common_voice_zh-CN_36855218.wav|担任广东宝丽华新能源股份有限公司董事长。|担任广东宝丽华新能源股份有限公司董事长。
emoji_project/data/Chinese/wavs/common_voice_zh-CN_33378460.wav|中国共产党第十八届中央纪律检查委员会委员。|中国共产党第十八届中央纪律检查委员会委员。
emoji_project/data/Chinese/wavs/common_voice_zh-CN_32880323.wav|主要角色有芳山和子。|主要角色有芳山和子。
emoji_project/data/Chinese/wavs/common_voice_zh-CN_32880251.wav|但被广泛用于各种名称。|但被广泛用于各种名称。
emoji_project/data/Chinese/wavs/common_voice_zh-CN_32862011.wav|万历三十九年被称为杭州天主教开教日。|万历三十九年被称为杭州天主教开教日。
emoji_project/data/Chinese/wavs/common_voice_zh-CN_32861986.wav|雪邦县的县府和最大城市为。|雪邦县的县府和最大城市为。
emoji_project/data/Chinese/wavs/common_voice_zh-CN_33195668.wav|方花小头蛇为游蛇科小头蛇属的爬行动物。|方花小头蛇为游蛇科小头蛇属的爬行动物。
emoji_project/data/Chinese/wavs/common_voice_zh-CN_32958499.wav|摩尔的夫人安娜也在数月后逝世。|摩尔的夫人安娜也在数月后逝世。
emoji_project/data/Chinese/wavs/common_voice_zh-CN_32958582.wav|陈雅伦早年居住在葵兴邨。|陈雅伦早年居住在葵兴邨。
emoji_project/data/Chinese/wavs/common_voice_zh-CN_32861718.wav|氡在有机化合物液体中的可溶性比在水中高得多。|氡在有机化合物液体中的可溶性比在水中高得多。
emoji_project/data/Chinese/wavs/common_voice_zh-CN_33130378.wav|目前是天主教马赛总教区的附属教区。|目前是天主教马赛总教区的附属教区。
emoji_project/data/Chinese/wavs/common_voice_zh-CN_33378456.wav|送行拍子木为舞台的怪谈本所七大不可思议之一。|送行拍子木为舞台的怪谈本所七大不可思议之一。
emoji_project/data/Chinese/wavs/common_voice_zh-CN_32875420.wav|海湾是一片三面环陆的海洋。|海湾是一片三面环陆的海洋。
emoji_project/data/Chinese/wavs/common_voice_zh-CN_33130227.wav|爱德华兹县是美国伊利诺伊州东南部的一个县。|爱德华兹县是美国伊利诺伊州东南部的一个县。
emoji_project/data/Chinese/wavs/common_voice_zh-CN_33359247.wav|现在雅典是欧洲第八大城市。|现在雅典是欧洲第八大城市。
emoji_project/data/Chinese/wavs/common_voice_zh-CN_32880336.wav|电信系统对使用不同的定义。|电信系统对使用不同的定义。
emoji_project/data/Chinese/wavs/common_voice_zh-CN_33274256.wav|低压电在不同国家有不同定义。|低压电在不同国家有不同定义。
emoji_project/data/Chinese/wavs/common_voice_zh-CN_33130274.wav|波特是巴西米纳斯吉拉斯州的一个市镇。|波特是巴西米纳斯吉拉斯州的一个市镇。
emoji_project/data/Chinese/wavs/common_voice_zh-CN_33291480.wav|目前参加巴西足球乙级联赛。|目前参加巴西足球乙级联赛。
emoji_project/data/Chinese/wavs/common_voice_zh-CN_33195666.wav|现任党委书记为陈全国。|现任党委书记为陈全国。
emoji_project/data/Chinese/wavs/common_voice_zh-CN_32958605.wav|海利根达姆已经被发展成适合贵族与上层社会的雅致会议场地。|海利根达姆已经被发展成适合贵族与上层社会的雅致会议场地。
emoji_project/data/Chinese/wavs/common_voice_zh-CN_33130339.wav|开朗的模拟市民最喜爱天晴的天气。|开朗的模拟市民最喜爱天晴的天气。
emoji_project/data/Chinese/wavs/common_voice_zh-CN_32875392.wav|晚年入选佛罗伦萨迪亚诺学院。|晚年入选佛罗伦萨迪亚诺学院。
emoji_project/data/Chinese/wavs/common_voice_zh-CN_32875358.wav|他从学生时期即开始用自然素材进行创作。|他从学生时期即开始用自然素材进行创作。
emoji_project/data/Chinese/wavs/common_voice_zh-CN_32875397.wav|板桥查某是一首台湾闽南语民谣。|板桥查某是一首台湾闽南语民谣。
emoji_project/data/Chinese/wavs/common_voice_zh-CN_33212848.wav|这些能级的大小取决于原子类型和原子所处的化学环境。|这些能级的大小取决于原子类型和原子所处的化学环境。
emoji_project/data/Chinese/wavs/common_voice_zh-CN_32870957.wav|它们的化石发现于法国和德国。|它们的化石发现于法国和德国。
emoji_project/data/Chinese/wavs/common_voice_zh-CN_33243738.wav|稀花勿忘草为紫草科勿忘草属的植物。|稀花勿忘草为紫草科勿忘草属的植物。
emoji_project/data/Chinese/wavs/common_voice_zh-CN_32862120.wav|赴瑞典参加国际笔会年会。|赴瑞典参加国际笔会年会。
emoji_project/data/Chinese/wavs/common_voice_zh-CN_33378455.wav|黑龙江碘泡虫为碘泡科碘泡虫属的动物。|黑龙江碘泡虫为碘泡科碘泡虫属的动物。
emoji_project/data/Chinese/wavs/common_voice_zh-CN_33195635.wav|玩家将在游戏中找到答案。|玩家将在游戏中找到答案。
emoji_project/data/Chinese/wavs/common_voice_zh-CN_32958379.wav|他被接受入了一个当地旨在维护托斯卡纳文学的协会。|他被接受入了一个当地旨在维护托斯卡纳文学的协会。
emoji_project/data/Chinese/wavs/common_voice_zh-CN_33378466.wav|何嘉伟到午夜还没写完企划书，最后要开夜车赶工。|何嘉伟到午夜还没写完企划书，最后要开夜车赶工。
emoji_project/data/Chinese/wavs/common_voice_zh-CN_32871187.wav|子寿山曾在光绪年间参与反抗日军对奉天的侵略。|子寿山曾在光绪年间参与反抗日军对奉天的侵略。
