/rds/general/user/ak8224/home/emoji_project/data/Emotion/Processed/Neutral/LJ001-0045.wav|fourteen sixty-nine, fourteen seventy;
/rds/general/user/ak8224/home/emoji_project/data/Emotion/Processed/Neutral/LJ001-0061.wav|the Roman letter was used side by side with the Gothic.
/rds/general/user/ak8224/home/emoji_project/data/Emotion/Processed/Neutral/LJ001-0090.wav|With this change the art of printing touched bottom,
/rds/general/user/ak8224/home/emoji_project/data/Emotion/Processed/Neutral/LJ001-0126.wav|Most of Jenson's letters are designed within a square,
/rds/general/user/ak8224/home/emoji_project/data/Emotion/Processed/Neutral/LJ001-0160.wav|by that made in America, which is the worst conceivable.
/rds/general/user/ak8224/home/emoji_project/data/Emotion/Processed/Neutral/LJ001-0185.wav|printed books might once again illustrate to the full
/rds/general/user/ak8224/home/emoji_project/data/Emotion/Processed/Neutral/LJ002-0002.wav|Under the conditions referred to in the previous chapter,
/rds/general/user/ak8224/home/emoji_project/data/Emotion/Processed/Neutral/LJ002-0009.wav|On the twenty-seventh April, in the following year,
/rds/general/user/ak8224/home/emoji_project/data/Emotion/Processed/Neutral/LJ002-0019.wav|who seldom let a session go by without visiting Newgate.
/rds/general/user/ak8224/home/emoji_project/data/Emotion/Processed/Neutral/LJ002-0023.wav|On the female side matters were much worse;
/rds/general/user/ak8224/home/emoji_project/data/Emotion/Processed/Neutral/LJ002-0045.wav|The various wards were all about eleven feet in height,
/rds/general/user/ak8224/home/emoji_project/data/Emotion/Processed/Neutral/LJ002-0076.wav|The state side contained twelve good-sized rooms,
/rds/general/user/ak8224/home/emoji_project/data/Emotion/Processed/Neutral/LJ002-0083.wav|The ground floor cells were nine feet by six;
/rds/general/user/ak8224/home/emoji_project/data/Emotion/Processed/Neutral/LJ002-0155.wav|for which the costs were six shillings ten pence.
/rds/general/user/ak8224/home/emoji_project/data/Emotion/Processed/Neutral/LJ002-0191.wav|Besides those actually resident within the walls,
/rds/general/user/ak8224/home/emoji_project/data/Emotion/Processed/Neutral/LJ002-0213.wav|The Fleet, which stood in Farringdon Street,
/rds/general/user/ak8224/home/emoji_project/data/Emotion/Processed/Neutral/LJ002-0287.wav|There were no beds or bedding, no straw even.
/rds/general/user/ak8224/home/emoji_project/data/Emotion/Processed/Neutral/LJ002-0311.wav|These were lumped together into a general fund,
/rds/general/user/ak8224/home/emoji_project/data/Emotion/Processed/Neutral/LJ003-0017.wav|Order throughout the debtors' side was preserved
/rds/general/user/ak8224/home/emoji_project/data/Emotion/Processed/Neutral/LJ003-0028.wav|and no doubt made the meat also pay toll.
/rds/general/user/ak8224/home/emoji_project/data/Emotion/Processed/Neutral/LJ003-0044.wav|The reforms which were to be attempted in that prison
/rds/general/user/ak8224/home/emoji_project/data/Emotion/Processed/Neutral/LJ003-0137.wav|and I learned he had been up with the others the whole night.
/rds/general/user/ak8224/home/emoji_project/data/Emotion/Processed/Neutral/LJ003-0197.wav|This procrastination bred certain callousness.
/rds/general/user/ak8224/home/emoji_project/data/Emotion/Processed/Neutral/LJ003-0200.wav|Visitors were permitted access to them without stint;
/rds/general/user/ak8224/home/emoji_project/data/Emotion/Processed/Neutral/LJ003-0259.wav|and attracted attention by their disorderly behavior.
/rds/general/user/ak8224/home/emoji_project/data/Emotion/Processed/Neutral/LJ003-0284.wav|that when they were not carousing, plotting, or scheming,
/rds/general/user/ak8224/home/emoji_project/data/Emotion/Processed/Neutral/LJ004-0052.wav|which Howard had eulogized some forty years before.
/rds/general/user/ak8224/home/emoji_project/data/Emotion/Processed/Neutral/LJ004-0061.wav|by want of bed-clothing by night or firing by day
/rds/general/user/ak8224/home/emoji_project/data/Emotion/Processed/Neutral/LJ004-0099.wav|Ventilators, hand and others, were to be supplied.
/rds/general/user/ak8224/home/emoji_project/data/Emotion/Processed/Neutral/LJ004-0114.wav|King's evidences were also to be lodged apart.
/rds/general/user/ak8224/home/emoji_project/data/Emotion/Processed/Neutral/LJ004-0123.wav|sixty-eight had only two divisions, and so on.
/rds/general/user/ak8224/home/emoji_project/data/Emotion/Processed/Neutral/LJ004-0129.wav|Many of the jails were in the most deplorable condition:
/rds/general/user/ak8224/home/emoji_project/data/Emotion/Processed/Neutral/LJ004-0137.wav|and that it was accomplished by "sleeping edgewise."
/rds/general/user/ak8224/home/emoji_project/data/Emotion/Processed/Neutral/LJ004-0143.wav|so that the culprit, in addition to his sentence,
/rds/general/user/ak8224/home/emoji_project/data/Emotion/Processed/Neutral/LJ004-0150.wav|Matters were on much the same footing at St. Albans.
/rds/general/user/ak8224/home/emoji_project/data/Emotion/Processed/Neutral/LJ004-0160.wav|the uproar of oaths, complaints, and obscenity,
/rds/general/user/ak8224/home/emoji_project/data/Emotion/Processed/Neutral/LJ004-0167.wav|The floor was on the level of the river, and very damp.
/rds/general/user/ak8224/home/emoji_project/data/Emotion/Processed/Neutral/LJ004-0191.wav|and in comparative comfort, with a bed and proper bedding.
/rds/general/user/ak8224/home/emoji_project/data/Emotion/Processed/Neutral/LJ004-0201.wav|At Ilchester the rule of employment had been carried further.
/rds/general/user/ak8224/home/emoji_project/data/Emotion/Processed/Neutral/LJ004-0243.wav|The bulk of the prisoners were still left in idleness.
/rds/general/user/ak8224/home/emoji_project/data/Emotion/Processed/Neutral/LJ005-0037.wav|It sought to obtain and diffuse useful information
/rds/general/user/ak8224/home/emoji_project/data/Emotion/Processed/Neutral/LJ005-0045.wav|Nor did it confine itself to mere verbal recommendations.
/rds/general/user/ak8224/home/emoji_project/data/Emotion/Processed/Neutral/LJ005-0104.wav|The progress of improvement was certainly extremely slow.
/rds/general/user/ak8224/home/emoji_project/data/Emotion/Processed/Neutral/LJ005-0132.wav|Only a few glaring evils still demanded a remedy.
/rds/general/user/ak8224/home/emoji_project/data/Emotion/Processed/Neutral/LJ005-0136.wav|The want of sleeping cells long continued a crying need.
/rds/general/user/ak8224/home/emoji_project/data/Emotion/Processed/Neutral/LJ005-0142.wav|occupying barely three hundred ninety feet lineal
/rds/general/user/ak8224/home/emoji_project/data/Emotion/Processed/Neutral/LJ005-0178.wav|Many of them consisted of one or two rooms at most.
/rds/general/user/ak8224/home/emoji_project/data/Emotion/Processed/Neutral/LJ005-0218.wav|The chapel still continued incommodious and insufficient
/rds/general/user/ak8224/home/emoji_project/data/Emotion/Processed/Neutral/LJ005-0231.wav|The city justices had not fulfilled this obligation.
/rds/general/user/ak8224/home/emoji_project/data/Emotion/Processed/Neutral/LJ005-0280.wav|The Lords' Committee fully recognized the painful fact
/rds/general/user/ak8224/home/emoji_project/data/Emotion/Processed/Neutral/LJ005-0288.wav|when speaking more particularly of the borough jails.
/rds/general/user/ak8224/home/emoji_project/data/Emotion/Processed/Neutral/LJ005-0297.wav|They therefore recommended that the prisoners should be removed
/rds/general/user/ak8224/home/emoji_project/data/Emotion/Processed/Neutral/LJ006-0041.wav|Changes introduced under pressure had been only skin deep.
/rds/general/user/ak8224/home/emoji_project/data/Emotion/Processed/Neutral/LJ006-0083.wav|"So great is the authority exercised by him,
/rds/general/user/ak8224/home/emoji_project/data/Emotion/Processed/Neutral/LJ006-0097.wav|Water might not be taken into the ward for washing purposes.
/rds/general/user/ak8224/home/emoji_project/data/Emotion/Processed/Neutral/LJ006-0100.wav|many without stockings, and with hardly shoes to their feet;
/rds/general/user/ak8224/home/emoji_project/data/Emotion/Processed/Neutral/LJ006-0150.wav|and then only went round to count the number.
/rds/general/user/ak8224/home/emoji_project/data/Emotion/Processed/Neutral/LJ006-0168.wav|to taking the descriptions of newly-arrived prisoners.
/rds/general/user/ak8224/home/emoji_project/data/Emotion/Processed/Neutral/LJ006-0175.wav|In his administration of discipline he was quite uncertain;
/rds/general/user/ak8224/home/emoji_project/data/Emotion/Processed/Neutral/LJ006-0227.wav|or his bedclothes were drawn away across the room.
/rds/general/user/ak8224/home/emoji_project/data/Emotion/Processed/Neutral/LJ006-0240.wav|Watkins' knee-joint is very severely injured.
/rds/general/user/ak8224/home/emoji_project/data/Emotion/Processed/Neutral/LJ007-0006.wav|They had introduced "much order and cleanliness,"
/rds/general/user/ak8224/home/emoji_project/data/Emotion/Processed/Neutral/LJ007-0027.wav|Bad as were the various parts of the jail already dealt with,
/rds/general/user/ak8224/home/emoji_project/data/Emotion/Processed/Neutral/LJ007-0033.wav|All privacy was impossible under the circumstances.
/rds/general/user/ak8224/home/emoji_project/data/Emotion/Processed/Neutral/LJ007-0069.wav|While admitting that he had had many difficulties to contend with,
/rds/general/user/ak8224/home/emoji_project/data/Emotion/Processed/Neutral/LJ007-0071.wav|in the face of impediments confessedly discouraging
/rds/general/user/ak8224/home/emoji_project/data/Emotion/Processed/Neutral/LJ007-0073.wav|to that line of conduct which his duty imposed on him
/rds/general/user/ak8224/home/emoji_project/data/Emotion/Processed/Neutral/LJ007-0088.wav|for not less a period than twenty-four years.
/rds/general/user/ak8224/home/emoji_project/data/Emotion/Processed/Neutral/LJ007-0103.wav|Mr. J. E. Sparrow and Mr. Clipperton
/rds/general/user/ak8224/home/emoji_project/data/Emotion/Processed/Neutral/LJ007-0188.wav|the misemployment of officers and prisoners by the governor.
/rds/general/user/ak8224/home/emoji_project/data/Emotion/Processed/Neutral/LJ007-0193.wav|The measures of improvement introduced were mainly as follows:
/rds/general/user/ak8224/home/emoji_project/data/Emotion/Processed/Neutral/LJ007-0236.wav|Sometimes the stench in hot weather is said to be very bad.
/rds/general/user/ak8224/home/emoji_project/data/Emotion/Processed/Neutral/LJ008-0009.wav|But the Old Bailey was not exclusively used;
/rds/general/user/ak8224/home/emoji_project/data/Emotion/Processed/Neutral/LJ008-0024.wav|of the trading vessel 'Adventure,' upon the high seas.
/rds/general/user/ak8224/home/emoji_project/data/Emotion/Processed/Neutral/LJ008-0069.wav|The latter is the method still followed at Newgate.
/rds/general/user/ak8224/home/emoji_project/data/Emotion/Processed/Neutral/LJ008-0077.wav|where the apparatus for the punishment she was about to experience
/rds/general/user/ak8224/home/emoji_project/data/Emotion/Processed/Neutral/LJ008-0114.wav|His hands were clasped, and he was truly penitent.
/rds/general/user/ak8224/home/emoji_project/data/Emotion/Processed/Neutral/LJ008-0122.wav|where the murder for which he was condemned had been committed.
/rds/general/user/ak8224/home/emoji_project/data/Emotion/Processed/Neutral/LJ008-0159.wav|Very soon women began to scream with terror;
/rds/general/user/ak8224/home/emoji_project/data/Emotion/Processed/Neutral/LJ008-0168.wav|Among the rest was a woman with an infant at the breast.
/rds/general/user/ak8224/home/emoji_project/data/Emotion/Processed/Neutral/LJ008-0180.wav|Among the dead was a sailor lad whom no one knew;
/rds/general/user/ak8224/home/emoji_project/data/Emotion/Processed/Neutral/LJ008-0210.wav|the crowd began to congregate in and about the Old Bailey.
/rds/general/user/ak8224/home/emoji_project/data/Emotion/Processed/Neutral/LJ008-0218.wav|They were mainly members of the criminal classes.
/rds/general/user/ak8224/home/emoji_project/data/Emotion/Processed/Neutral/LJ008-0314.wav|The form of imparting the intelligence was generally the same.
/rds/general/user/ak8224/home/emoji_project/data/Emotion/Processed/Neutral/LJ008-0317.wav|The fatal news was not always received in the same way.
/rds/general/user/ak8224/home/emoji_project/data/Emotion/Processed/Neutral/LJ009-0015.wav|I will quote an extract from the reverend gentleman's own journal.
/rds/general/user/ak8224/home/emoji_project/data/Emotion/Processed/Neutral/LJ009-0025.wav|As to the exclusion of strangers on these occasions,
/rds/general/user/ak8224/home/emoji_project/data/Emotion/Processed/Neutral/LJ009-0154.wav|Mr. Charles Kean the tragedian was also present,
/rds/general/user/ak8224/home/emoji_project/data/Emotion/Processed/Neutral/LJ009-0210.wav|On the left side of the head the fatal mall,
/rds/general/user/ak8224/home/emoji_project/data/Emotion/Processed/Neutral/LJ009-0242.wav|and the sentence was properly and completely carried out.
/rds/general/user/ak8224/home/emoji_project/data/Emotion/Processed/Neutral/LJ009-0248.wav|Sometimes the condemned man made a hard fight for life.
/rds/general/user/ak8224/home/emoji_project/data/Emotion/Processed/Neutral/LJ009-0273.wav|two supporting his body and two his legs.
/rds/general/user/ak8224/home/emoji_project/data/Emotion/Processed/Neutral/LJ009-0279.wav|One of the turnkeys rushed forward and pushed him off.
/rds/general/user/ak8224/home/emoji_project/data/Emotion/Processed/Neutral/LJ009-0301.wav|who deserted, and was pursued, but without success.
/rds/general/user/ak8224/home/emoji_project/data/Emotion/Processed/Neutral/LJ010-0035.wav|Courvoisier might have lived a century earlier.
/rds/general/user/ak8224/home/emoji_project/data/Emotion/Processed/Neutral/LJ010-0044.wav|The present Queen very soon after her accession
/rds/general/user/ak8224/home/emoji_project/data/Emotion/Processed/Neutral/LJ010-0074.wav|After this he tried farming, but failed.
/rds/general/user/ak8224/home/emoji_project/data/Emotion/Processed/Neutral/LJ010-0094.wav|bound, as it happened, to the Archbishop of York's.
/rds/general/user/ak8224/home/emoji_project/data/Emotion/Processed/Neutral/LJ010-0131.wav|Come, old cock-of-wax, it will soon be over.
/rds/general/user/ak8224/home/emoji_project/data/Emotion/Processed/Neutral/LJ010-0144.wav|but is only an ordinary commonplace tool.
/rds/general/user/ak8224/home/emoji_project/data/Emotion/Processed/Neutral/LJ010-0188.wav|Oxford expressed little anxiety or concern.
/rds/general/user/ak8224/home/emoji_project/data/Emotion/Processed/Neutral/LJ010-0192.wav|or of the fatal consequences which might have ensued.
/rds/general/user/ak8224/home/emoji_project/data/Emotion/Processed/Neutral/LJ010-0193.wav|When brought to trial he hardly realized his position,
/rds/general/user/ak8224/home/emoji_project/data/Emotion/Processed/Neutral/LJ010-0213.wav|all of which declared their approval of the commander-in-chief.
/rds/general/user/ak8224/home/emoji_project/data/Emotion/Processed/Neutral/LJ010-0266.wav|and a long, sickly, pale face, with light hair;
/rds/general/user/ak8224/home/emoji_project/data/Emotion/Processed/Neutral/LJ010-0297.wav|But there were other notorious cases of forgery.
/rds/general/user/ak8224/home/emoji_project/data/Emotion/Processed/Neutral/LJ010-0301.wav|He had entered the house as clerk in eighteen hundred;
/rds/general/user/ak8224/home/emoji_project/data/Emotion/Processed/Neutral/LJ011-0008.wav|whereupon he produced exchequer bills to the amount.
/rds/general/user/ak8224/home/emoji_project/data/Emotion/Processed/Neutral/LJ011-0020.wav|had been sold out under a forged power of attorney.
/rds/general/user/ak8224/home/emoji_project/data/Emotion/Processed/Neutral/LJ011-0021.wav|Further investigations brought other similar frauds to light,
/rds/general/user/ak8224/home/emoji_project/data/Emotion/Processed/Neutral/LJ011-0044.wav|will no longer be herded indiscriminately together.
/rds/general/user/ak8224/home/emoji_project/data/Emotion/Processed/Neutral/LJ011-0132.wav|except the forgery of wills and powers of attorney.
/rds/general/user/ak8224/home/emoji_project/data/Emotion/Processed/Neutral/LJ011-0134.wav|signed by more than a thousand members of banking firms.
/rds/general/user/ak8224/home/emoji_project/data/Emotion/Processed/Neutral/LJ011-0150.wav|Miss Turner was a school-girl of barely fifteen,
/rds/general/user/ak8224/home/emoji_project/data/Emotion/Processed/Neutral/LJ011-0202.wav|The uncle claimed her. The husband resisted.
/rds/general/user/ak8224/home/emoji_project/data/Emotion/Processed/Neutral/LJ011-0286.wav|For three hours he struggled without success with his bonds,
/rds/general/user/ak8224/home/emoji_project/data/Emotion/Processed/Neutral/LJ012-0002.wav|On the arrival of the police the house was empty.
/rds/general/user/ak8224/home/emoji_project/data/Emotion/Processed/Neutral/LJ012-0009.wav|It turned out that he was really married to Mrs. Canning,
/rds/general/user/ak8224/home/emoji_project/data/Emotion/Processed/Neutral/LJ012-0114.wav|but their request, in spite of their earnest entreaties,
/rds/general/user/ak8224/home/emoji_project/data/Emotion/Processed/Neutral/LJ012-0136.wav|Moss was known to be intimate with the elder Caspar,
/rds/general/user/ak8224/home/emoji_project/data/Emotion/Processed/Neutral/LJ012-0216.wav|Williams, and May had been concerned in the transaction.
/rds/general/user/ak8224/home/emoji_project/data/Emotion/Processed/Neutral/LJ012-0220.wav|were known to be what Ferrari had worn when last seen.
/rds/general/user/ak8224/home/emoji_project/data/Emotion/Processed/Neutral/LJ012-0222.wav|plainly pointing to the perpetration of other crimes.
/rds/general/user/ak8224/home/emoji_project/data/Emotion/Processed/Neutral/LJ012-0223.wav|These facts were represented before the police magistrate
/rds/general/user/ak8224/home/emoji_project/data/Emotion/Processed/Neutral/LJ012-0228.wav|The evidence from first to last was circumstantial,
/rds/general/user/ak8224/home/emoji_project/data/Emotion/Processed/Neutral/LJ012-0240.wav|I will close this chapter with a brief account of another murder,
/rds/general/user/ak8224/home/emoji_project/data/Emotion/Processed/Neutral/LJ012-0243.wav|There were many features of resemblance in these crimes.
/rds/general/user/ak8224/home/emoji_project/data/Emotion/Processed/Neutral/LJ012-0255.wav|These were the missing members of the same mutilated trunk,
/rds/general/user/ak8224/home/emoji_project/data/Emotion/Processed/Neutral/LJ012-0259.wav|who had been missing since the previous Christmas Day.
/rds/general/user/ak8224/home/emoji_project/data/Emotion/Processed/Neutral/LJ012-0285.wav|Another day elapsed before he got rid of the rest of the body,
/rds/general/user/ak8224/home/emoji_project/data/Emotion/Processed/Neutral/LJ013-0060.wav|In the first a maiden lady, Miss Slack,
/rds/general/user/ak8224/home/emoji_project/data/Emotion/Processed/Neutral/LJ013-0081.wav|Banks and bankers continued to be victimized.
/rds/general/user/ak8224/home/emoji_project/data/Emotion/Processed/Neutral/LJ013-0101.wav|Forrester next traced the fugitives to Liverpool,
/rds/general/user/ak8224/home/emoji_project/data/Emotion/Processed/Neutral/LJ013-0106.wav|The inn belonging to Burgess was surrounded
/rds/general/user/ak8224/home/emoji_project/data/Emotion/Processed/Neutral/LJ013-0138.wav|Ashley was the son of an army agent and banker,
/rds/general/user/ak8224/home/emoji_project/data/Emotion/Processed/Neutral/LJ013-0201.wav|The prisoner's demeanor had greatly changed during the trial.
/rds/general/user/ak8224/home/emoji_project/data/Emotion/Processed/Neutral/LJ013-0216.wav|His account of his acts and movements after the deed
/rds/general/user/ak8224/home/emoji_project/data/Emotion/Processed/Neutral/LJ013-0267.wav|He made a rambling defense, ending by saying,
/rds/general/user/ak8224/home/emoji_project/data/Emotion/Processed/Neutral/LJ014-0069.wav|Her husband, to whom she coolly confided her intention,
/rds/general/user/ak8224/home/emoji_project/data/Emotion/Processed/Neutral/LJ014-0095.wav|On the third day his friends began to inquire for him,
/rds/general/user/ak8224/home/emoji_project/data/Emotion/Processed/Neutral/LJ014-0125.wav|Mrs. Manning was not without personal charms;
/rds/general/user/ak8224/home/emoji_project/data/Emotion/Processed/Neutral/LJ014-0151.wav|Later her mood changed to abject despair.
/rds/general/user/ak8224/home/emoji_project/data/Emotion/Processed/Neutral/LJ014-0158.wav|She was discovered just as she was getting black in the face.
/rds/general/user/ak8224/home/emoji_project/data/Emotion/Processed/Neutral/LJ014-0184.wav|The noise of the struggle was heard outside in the street,
/rds/general/user/ak8224/home/emoji_project/data/Emotion/Processed/Neutral/LJ014-0288.wav|That same evening he committed suicide in Newgate.
/rds/general/user/ak8224/home/emoji_project/data/Emotion/Processed/Neutral/LJ014-0290.wav|In Giltspur Street Compter, where he was first lodged
/rds/general/user/ak8224/home/emoji_project/data/Emotion/Processed/Neutral/LJ014-0293.wav|He returned from court in a state of gloomy dejection,
/rds/general/user/ak8224/home/emoji_project/data/Emotion/Processed/Neutral/LJ014-0302.wav|It outshone the defalcations of Watts.
/rds/general/user/ak8224/home/emoji_project/data/Emotion/Processed/Neutral/LJ014-0311.wav|His extensive business had been carried on by fraud.
/rds/general/user/ak8224/home/emoji_project/data/Emotion/Processed/Neutral/LJ014-0338.wav|These bankers, wishing for more specific information,
/rds/general/user/ak8224/home/emoji_project/data/Emotion/Processed/Neutral/LJ015-0102.wav|He came back to explain that he had mislaid them.
/rds/general/user/ak8224/home/emoji_project/data/Emotion/Processed/Neutral/LJ015-0110.wav|After dinner he went into hiding for a day or two,
/rds/general/user/ak8224/home/emoji_project/data/Emotion/Processed/Neutral/LJ015-0148.wav|The choicest wines, the finest fruits,
/rds/general/user/ak8224/home/emoji_project/data/Emotion/Processed/Neutral/LJ015-0161.wav|There was something dramatic in Redpath's detection
/rds/general/user/ak8224/home/emoji_project/data/Emotion/Processed/Neutral/LJ015-0179.wav|The Central Criminal Court, when the trial came on,
/rds/general/user/ak8224/home/emoji_project/data/Emotion/Processed/Neutral/LJ015-0209.wav|Burgess detailed the whole system of transmission.
/rds/general/user/ak8224/home/emoji_project/data/Emotion/Processed/Neutral/LJ015-0224.wav|the difficulty was to get a copy of the second key.
/rds/general/user/ak8224/home/emoji_project/data/Emotion/Processed/Neutral/LJ015-0274.wav|His method was comprehensive and deeply laid.
/rds/general/user/ak8224/home/emoji_project/data/Emotion/Processed/Neutral/LJ015-0279.wav|One stroke of luck which he turned to great account
/rds/general/user/ak8224/home/emoji_project/data/Emotion/Processed/Neutral/LJ016-0050.wav|His next job was to descend outside Newgate.
/rds/general/user/ak8224/home/emoji_project/data/Emotion/Processed/Neutral/LJ016-0055.wav|He traversed vainly all the roofs in Newgate Street,
/rds/general/user/ak8224/home/emoji_project/data/Emotion/Processed/Neutral/LJ016-0088.wav|working at the roof of the chapel on the female side.
/rds/general/user/ak8224/home/emoji_project/data/Emotion/Processed/Neutral/LJ016-0102.wav|By evening he manufactured a good long length,
/rds/general/user/ak8224/home/emoji_project/data/Emotion/Processed/Neutral/LJ016-0104.wav|whence they let themselves down into the street by the rope.
/rds/general/user/ak8224/home/emoji_project/data/Emotion/Processed/Neutral/LJ016-0120.wav|This was considered safer than intrusting him with keys.
/rds/general/user/ak8224/home/emoji_project/data/Emotion/Processed/Neutral/LJ016-0187.wav|The other accepted, and they got into conversation.
/rds/general/user/ak8224/home/emoji_project/data/Emotion/Processed/Neutral/LJ016-0193.wav|Foxen asked him his name and address, and went away.
/rds/general/user/ak8224/home/emoji_project/data/Emotion/Processed/Neutral/LJ016-0287.wav|This was presently superseded by a fresh catch --
/rds/general/user/ak8224/home/emoji_project/data/Emotion/Processed/Neutral/LJ016-0312.wav|Foreign witnesses, too, were in favor of publicity.
/rds/general/user/ak8224/home/emoji_project/data/Emotion/Processed/Neutral/LJ016-0321.wav|Duly impressed with the weight of evidence in favor of abolition,
/rds/general/user/ak8224/home/emoji_project/data/Emotion/Processed/Neutral/LJ016-0341.wav|The sufferer was stolid and reticent to the last.
/rds/general/user/ak8224/home/emoji_project/data/Emotion/Processed/Neutral/LJ016-0388.wav|A few go further, and are almost gluttonous.
/rds/general/user/ak8224/home/emoji_project/data/Emotion/Processed/Neutral/LJ016-0395.wav|The diet of the condemned is the ordinary diet of the prison,
/rds/general/user/ak8224/home/emoji_project/data/Emotion/Processed/Neutral/LJ016-0409.wav|On the fatal morning he came gaily out of his cell,
/rds/general/user/ak8224/home/emoji_project/data/Emotion/Processed/Neutral/LJ016-0420.wav|is remembered at the former prison as a defiant,
/rds/general/user/ak8224/home/emoji_project/data/Emotion/Processed/Neutral/LJ017-0003.wav|Nevertheless, in order to give completeness to the picture
/rds/general/user/ak8224/home/emoji_project/data/Emotion/Processed/Neutral/LJ017-0005.wav|of some of the most heinous offenses of modern times.
/rds/general/user/ak8224/home/emoji_project/data/Emotion/Processed/Neutral/LJ017-0012.wav|The well-known and lethal aqua Toffania,
/rds/general/user/ak8224/home/emoji_project/data/Emotion/Processed/Neutral/LJ017-0025.wav|the justice of the sentence was doubted at the time.
/rds/general/user/ak8224/home/emoji_project/data/Emotion/Processed/Neutral/LJ017-0040.wav|The trial of Catherine Winsor, the baby farmer,
/rds/general/user/ak8224/home/emoji_project/data/Emotion/Processed/Neutral/LJ017-0042.wav|Palmer's trial caused the most intense excitement.
/rds/general/user/ak8224/home/emoji_project/data/Emotion/Processed/Neutral/LJ017-0046.wav|Great personages occupied seats upon the bench;
/rds/general/user/ak8224/home/emoji_project/data/Emotion/Processed/Neutral/LJ017-0051.wav|covered rather scantily with light sandy hair.
/rds/general/user/ak8224/home/emoji_project/data/Emotion/Processed/Neutral/LJ017-0088.wav|Quantities of antimony were found in the body after death.
/rds/general/user/ak8224/home/emoji_project/data/Emotion/Processed/Neutral/LJ017-0138.wav|Three years later came the case of Dr. Smethurst,
/rds/general/user/ak8224/home/emoji_project/data/Emotion/Processed/Neutral/LJ017-0152.wav|in spite of the existence of the other Mrs. Smethurst.
/rds/general/user/ak8224/home/emoji_project/data/Emotion/Processed/Neutral/LJ017-0156.wav|and told her sister as much when they last met.
/rds/general/user/ak8224/home/emoji_project/data/Emotion/Processed/Neutral/LJ017-0179.wav|In all cases the symptoms were much the same,
/rds/general/user/ak8224/home/emoji_project/data/Emotion/Processed/Neutral/LJ017-0203.wav|This fact was referred to by the judge in his summing up,
/rds/general/user/ak8224/home/emoji_project/data/Emotion/Processed/Neutral/LJ017-0236.wav|Leon, or Lyons, who spoke English,
/rds/general/user/ak8224/home/emoji_project/data/Emotion/Processed/Neutral/LJ017-0263.wav|the remaining five were executed in one batch.
/rds/general/user/ak8224/home/emoji_project/data/Emotion/Processed/Neutral/LJ018-0008.wav|He lived at Hackney, but he never reached it alive.
/rds/general/user/ak8224/home/emoji_project/data/Emotion/Processed/Neutral/LJ018-0067.wav|Thither, he was pursued by a detective officer,
/rds/general/user/ak8224/home/emoji_project/data/Emotion/Processed/Neutral/LJ018-0080.wav|Sattler was tried for murder and convicted;
/rds/general/user/ak8224/home/emoji_project/data/Emotion/Processed/Neutral/LJ018-0105.wav|He, like Saward, was an artist in penmanship.
/rds/general/user/ak8224/home/emoji_project/data/Emotion/Processed/Neutral/LJ018-0130.wav|and stole paper on a much larger scale than Brown.
/rds/general/user/ak8224/home/emoji_project/data/Emotion/Processed/Neutral/LJ018-0150.wav|with whom he did business in exchanging the false notes.
/rds/general/user/ak8224/home/emoji_project/data/Emotion/Processed/Neutral/LJ018-0166.wav|Buncher in London, and Griffiths in Birmingham.
/rds/general/user/ak8224/home/emoji_project/data/Emotion/Processed/Neutral/LJ018-0222.wav|obtained a mortgage of seven thousand pounds.
/rds/general/user/ak8224/home/emoji_project/data/Emotion/Processed/Neutral/LJ018-0223.wav|In eighteen fifty-six the father died.
/rds/general/user/ak8224/home/emoji_project/data/Emotion/Processed/Neutral/LJ018-0291.wav|Then he explained to the bank manager
/rds/general/user/ak8224/home/emoji_project/data/Emotion/Processed/Neutral/LJ018-0310.wav|The prisoners, who were committed to Newgate for trial,
/rds/general/user/ak8224/home/emoji_project/data/Emotion/Processed/Neutral/LJ018-0332.wav|Greed in the latter case was a secondary motive;
/rds/general/user/ak8224/home/emoji_project/data/Emotion/Processed/Neutral/LJ018-0337.wav|of Good, and Greenacre, and Catherine Hayes.
/rds/general/user/ak8224/home/emoji_project/data/Emotion/Processed/Neutral/LJ018-0354.wav|Doubts were long entertained whether Thomas Wainwright,
/rds/general/user/ak8224/home/emoji_project/data/Emotion/Processed/Neutral/LJ019-0030.wav|Major, afterwards Sir Joshua Jebb,
/rds/general/user/ak8224/home/emoji_project/data/Emotion/Processed/Neutral/LJ019-0057.wav|was the true basis of a sound system of prison discipline.
/rds/general/user/ak8224/home/emoji_project/data/Emotion/Processed/Neutral/LJ019-0059.wav|It was claimed for it that it was more deterrent;
/rds/general/user/ak8224/home/emoji_project/data/Emotion/Processed/Neutral/LJ019-0084.wav|The greatest pains might be taken to secure isolation,
/rds/general/user/ak8224/home/emoji_project/data/Emotion/Processed/Neutral/LJ019-0105.wav|and that a new system of prison discipline should be introduced.
/rds/general/user/ak8224/home/emoji_project/data/Emotion/Processed/Neutral/LJ019-0126.wav|The creation of an expensive staff for supervision,
/rds/general/user/ak8224/home/emoji_project/data/Emotion/Processed/Neutral/LJ019-0200.wav|It would be far better to begin at the beginning,
/rds/general/user/ak8224/home/emoji_project/data/Emotion/Processed/Neutral/LJ019-0204.wav|a serious effort was made to reconstruct Newgate.
/rds/general/user/ak8224/home/emoji_project/data/Emotion/Processed/Neutral/LJ019-0355.wav|came up in all respects to modern requirements.
/rds/general/user/ak8224/home/emoji_project/data/Emotion/Processed/Neutral/LJ019-0368.wav|The latter too was to be laid before the House of Commons.
/rds/general/user/ak8224/home/emoji_project/data/Emotion/Processed/Neutral/LJ020-0015.wav|Beat hard one minute before pouring in the yeast.
/rds/general/user/ak8224/home/emoji_project/data/Emotion/Processed/Neutral/LJ020-0042.wav|and these also tend to nourish and strengthen the brain.
/rds/general/user/ak8224/home/emoji_project/data/Emotion/Processed/Neutral/LJ020-0070.wav|Bit of soda as large as a pea, dissolved in hot water.
/rds/general/user/ak8224/home/emoji_project/data/Emotion/Processed/Neutral/LJ020-0071.wav|One tablespoonful of butter, just melted, not hot.
/rds/general/user/ak8224/home/emoji_project/data/Emotion/Processed/Neutral/LJ020-0073.wav|Sift the flour, salt and sugar into a bowl,
/rds/general/user/ak8224/home/emoji_project/data/Emotion/Processed/Neutral/LJ020-0095.wav|Cover your hair entirely with a handkerchief or sweeping cap.
/rds/general/user/ak8224/home/emoji_project/data/Emotion/Processed/Neutral/LJ020-0104.wav|Master these, and do not let them master you.
/rds/general/user/ak8224/home/emoji_project/data/Emotion/Processed/Neutral/LJ021-0008.wav|we are bringing order out of the old chaos
/rds/general/user/ak8224/home/emoji_project/data/Emotion/Processed/Neutral/LJ021-0014.wav|but also our processes of civilization.
/rds/general/user/ak8224/home/emoji_project/data/Emotion/Processed/Neutral/LJ021-0015.wav|The underlying necessity for such activity
/rds/general/user/ak8224/home/emoji_project/data/Emotion/Processed/Neutral/LJ021-0050.wav|I sincerely hope that as a result
/rds/general/user/ak8224/home/emoji_project/data/Emotion/Processed/Neutral/LJ021-0059.wav|The work day and the work week have been shortened.
/rds/general/user/ak8224/home/emoji_project/data/Emotion/Processed/Neutral/LJ021-0063.wav|Benefits of the Industrial Recovery Program have come,
/rds/general/user/ak8224/home/emoji_project/data/Emotion/Processed/Neutral/LJ021-0085.wav|and the incentive of fair private profit,
/rds/general/user/ak8224/home/emoji_project/data/Emotion/Processed/Neutral/LJ021-0133.wav|are likewise not fully cooperating with their government.
/rds/general/user/ak8224/home/emoji_project/data/Emotion/Processed/Neutral/LJ021-0135.wav|which is one of the high purposes of the Recovery Act.
/rds/general/user/ak8224/home/emoji_project/data/Emotion/Processed/Neutral/LJ021-0136.wav|We have passed through more than a year of education.
/rds/general/user/ak8224/home/emoji_project/data/Emotion/Processed/Neutral/LJ021-0153.wav|Closely allied to the N.R.A.
/rds/general/user/ak8224/home/emoji_project/data/Emotion/Processed/Neutral/LJ021-0161.wav|just as other countries have had them for over a decade.
/rds/general/user/ak8224/home/emoji_project/data/Emotion/Processed/Neutral/LJ021-0178.wav|Has England gone back to the gold standard today?
/rds/general/user/ak8224/home/emoji_project/data/Emotion/Processed/Neutral/LJ022-0005.wav|It has made and is making distinct progress.
/rds/general/user/ak8224/home/emoji_project/data/Emotion/Processed/Neutral/LJ022-0018.wav|Three years of hard thinking have changed the picture.
/rds/general/user/ak8224/home/emoji_project/data/Emotion/Processed/Neutral/LJ022-0065.wav|The unemployment insurance part of the legislation
/rds/general/user/ak8224/home/emoji_project/data/Emotion/Processed/Neutral/LJ022-0085.wav|I have set up a Division of Applications and Information
/rds/general/user/ak8224/home/emoji_project/data/Emotion/Processed/Neutral/LJ022-0089.wav|charged with carrying on work relief projects.
/rds/general/user/ak8224/home/emoji_project/data/Emotion/Processed/Neutral/LJ022-0108.wav|For many months preparations have been under way.
/rds/general/user/ak8224/home/emoji_project/data/Emotion/Processed/Neutral/LJ022-0139.wav|with which we have been concerned for two years.
/rds/general/user/ak8224/home/emoji_project/data/Emotion/Processed/Neutral/LJ022-0192.wav|They contemplate the enrichment of our national life
/rds/general/user/ak8224/home/emoji_project/data/Emotion/Processed/Neutral/LJ023-0008.wav|We were then in the midst of the great banking crisis.
/rds/general/user/ak8224/home/emoji_project/data/Emotion/Processed/Neutral/LJ023-0034.wav|The American people have learned from the depression.
/rds/general/user/ak8224/home/emoji_project/data/Emotion/Processed/Neutral/LJ023-0037.wav|not after long years of debate, but now.
/rds/general/user/ak8224/home/emoji_project/data/Emotion/Processed/Neutral/LJ023-0067.wav|That, my friends, is what I honestly believe
/rds/general/user/ak8224/home/emoji_project/data/Emotion/Processed/Neutral/LJ023-0070.wav|for ourselves and our posterity.
/rds/general/user/ak8224/home/emoji_project/data/Emotion/Processed/Neutral/LJ023-0122.wav|It was said in last year's Democratic platform,
/rds/general/user/ak8224/home/emoji_project/data/Emotion/Processed/Neutral/LJ024-0015.wav|or those who would subsequently reach the age of seventy.
/rds/general/user/ak8224/home/emoji_project/data/Emotion/Processed/Neutral/LJ024-0020.wav|There is nothing novel or radical about this idea.
/rds/general/user/ak8224/home/emoji_project/data/Emotion/Processed/Neutral/LJ024-0033.wav|and that a baneful precedent will be established.
/rds/general/user/ak8224/home/emoji_project/data/Emotion/Processed/Neutral/LJ024-0034.wav|What do they mean by the words "packing the Court"?
/rds/general/user/ak8224/home/emoji_project/data/Emotion/Processed/Neutral/LJ024-0083.wav|This plan of mine is no attack on the Court;
/rds/general/user/ak8224/home/emoji_project/data/Emotion/Processed/Neutral/LJ024-0111.wav|the legislation demanded by the mandate.
/rds/general/user/ak8224/home/emoji_project/data/Emotion/Processed/Neutral/LJ024-0118.wav|Look at these strange bed-fellows of yours.
/rds/general/user/ak8224/home/emoji_project/data/Emotion/Processed/Neutral/LJ024-0123.wav|An amendment, like the rest of the Constitution,
/rds/general/user/ak8224/home/emoji_project/data/Emotion/Processed/Neutral/LJ024-0132.wav|I am in favor of action through legislation:
/rds/general/user/ak8224/home/emoji_project/data/Emotion/Processed/Neutral/LJ024-0140.wav|It is my purpose to restore that balance.
/rds/general/user/ak8224/home/emoji_project/data/Emotion/Processed/Neutral/LJ025-0001.wav|The Science: History of the Universe, Volume five.
/rds/general/user/ak8224/home/emoji_project/data/Emotion/Processed/Neutral/LJ025-0010.wav|One of the most important summaries of this similarity
/rds/general/user/ak8224/home/emoji_project/data/Emotion/Processed/Neutral/LJ025-0051.wav|But in the fourth and fifth decades of this century
/rds/general/user/ak8224/home/emoji_project/data/Emotion/Processed/Neutral/LJ025-0091.wav|as it was current among contemporary chemists.
/rds/general/user/ak8224/home/emoji_project/data/Emotion/Processed/Neutral/LJ025-0100.wav|in so far as under these circumstances the green plant
/rds/general/user/ak8224/home/emoji_project/data/Emotion/Processed/Neutral/LJ025-0107.wav|They absorb oxygen and give out carbonic acid.
/rds/general/user/ak8224/home/emoji_project/data/Emotion/Processed/Neutral/LJ025-0130.wav|Touch one of them with the end of a fine human hair
/rds/general/user/ak8224/home/emoji_project/data/Emotion/Processed/Neutral/LJ025-0160.wav|The weight of the nitrogenous protein compounds,
/rds/general/user/ak8224/home/emoji_project/data/Emotion/Processed/Neutral/LJ026-0006.wav|for the manufacture of starchy food from gaseous matter.
/rds/general/user/ak8224/home/emoji_project/data/Emotion/Processed/Neutral/LJ026-0049.wav|In turn these will be compared for the animal and the plant,
/rds/general/user/ak8224/home/emoji_project/data/Emotion/Processed/Neutral/LJ026-0113.wav|Only proteid foods form new protoplasm
/rds/general/user/ak8224/home/emoji_project/data/Emotion/Processed/Neutral/LJ026-0126.wav|as a preliminary to the real processes of nutrition.
/rds/general/user/ak8224/home/emoji_project/data/Emotion/Processed/Neutral/LJ026-0151.wav|Hence oxygen must be supplied to the cells.
/rds/general/user/ak8224/home/emoji_project/data/Emotion/Processed/Neutral/LJ027-0017.wav|All organisms have the same need of reproduction.
/rds/general/user/ak8224/home/emoji_project/data/Emotion/Processed/Neutral/LJ027-0040.wav|between the fin of a fish and the paddle of a whale
/rds/general/user/ak8224/home/emoji_project/data/Emotion/Processed/Neutral/LJ027-0043.wav|and mean nothing more than similarity of environment.
/rds/general/user/ak8224/home/emoji_project/data/Emotion/Processed/Neutral/LJ027-0096.wav|as, indeed, she must be according to the derivation theory.
/rds/general/user/ak8224/home/emoji_project/data/Emotion/Processed/Neutral/LJ027-0150.wav|through which their long line of ancestors had passed.
/rds/general/user/ak8224/home/emoji_project/data/Emotion/Processed/Neutral/LJ027-0151.wav|The only alternative view is that as species of deer,
/rds/general/user/ak8224/home/emoji_project/data/Emotion/Processed/Neutral/LJ027-0159.wav|"It is well known," likewise comments Le Conte,
/rds/general/user/ak8224/home/emoji_project/data/Emotion/Processed/Neutral/LJ028-0018.wav|Like a great ball of fire the sun sinks in the west.
/rds/general/user/ak8224/home/emoji_project/data/Emotion/Processed/Neutral/LJ028-0048.wav|In six twenty-six Assurbanipal died,
/rds/general/user/ak8224/home/emoji_project/data/Emotion/Processed/Neutral/LJ028-0087.wav|Such was the appearance of the builder of the walls of Babylon.
/rds/general/user/ak8224/home/emoji_project/data/Emotion/Processed/Neutral/LJ028-0112.wav|My father did that which no previous king had done.
/rds/general/user/ak8224/home/emoji_project/data/Emotion/Processed/Neutral/LJ028-0119.wav|but I, his first-born, the beloved of his heart,
/rds/general/user/ak8224/home/emoji_project/data/Emotion/Processed/Neutral/LJ028-0160.wav|The houses are mostly three and four stories high;
/rds/general/user/ak8224/home/emoji_project/data/Emotion/Processed/Neutral/LJ028-0181.wav|He was followed by three kings whose reigns were short,
/rds/general/user/ak8224/home/emoji_project/data/Emotion/Processed/Neutral/LJ028-0193.wav|and to them came hope of returning to Jerusalem.
/rds/general/user/ak8224/home/emoji_project/data/Emotion/Processed/Neutral/LJ028-0222.wav|My many troops marched peacefully into Babylon.
/rds/general/user/ak8224/home/emoji_project/data/Emotion/Processed/Neutral/LJ028-0231.wav|whereupon they withdrew within their defenses.
/rds/general/user/ak8224/home/emoji_project/data/Emotion/Processed/Neutral/LJ028-0260.wav|The following story from Herodotus tells the results:
/rds/general/user/ak8224/home/emoji_project/data/Emotion/Processed/Neutral/LJ028-0277.wav|One of his sumpter-mules gave birth to a foal.
/rds/general/user/ak8224/home/emoji_project/data/Emotion/Processed/Neutral/LJ028-0286.wav|He therefore reviewed all ways of bringing the city under,
/rds/general/user/ak8224/home/emoji_project/data/Emotion/Processed/Neutral/LJ028-0325.wav|They were ready, therefore, to grant him anything he asked;
/rds/general/user/ak8224/home/emoji_project/data/Emotion/Processed/Neutral/LJ028-0342.wav|Thus was Babylon taken for the second time.
/rds/general/user/ak8224/home/emoji_project/data/Emotion/Processed/Neutral/LJ028-0348.wav|These he levied from the nations bordering on Babylonia,
/rds/general/user/ak8224/home/emoji_project/data/Emotion/Processed/Neutral/LJ028-0367.wav|The priests of the temple of Bel, so a story tells us,
/rds/general/user/ak8224/home/emoji_project/data/Emotion/Processed/Neutral/LJ028-0369.wav|they intentionally mentioned a most unfavorable hour.
/rds/general/user/ak8224/home/emoji_project/data/Emotion/Processed/Neutral/LJ028-0380.wav|The prophecy of the Hebrew Isaiah was fulfilled:
/rds/general/user/ak8224/home/emoji_project/data/Emotion/Processed/Neutral/LJ028-0420.wav|That was the first object taken from Babylon to Europe;
/rds/general/user/ak8224/home/emoji_project/data/Emotion/Processed/Neutral/LJ028-0433.wav|In the northern part of the enclosure to the east of the river,
/rds/general/user/ak8224/home/emoji_project/data/Emotion/Processed/Neutral/LJ028-0454.wav|but both sections originally reached the river.
/rds/general/user/ak8224/home/emoji_project/data/Emotion/Processed/Neutral/LJ029-0002.wav|Chapter two. The Assassination: Part one.
/rds/general/user/ak8224/home/emoji_project/data/Emotion/Processed/Neutral/LJ029-0078.wav|The second, the Women's Building at the State Fair Grounds,
/rds/general/user/ak8224/home/emoji_project/data/Emotion/Processed/Neutral/LJ029-0102.wav|After the selection of the Trade Mart as the luncheon site,
/rds/general/user/ak8224/home/emoji_project/data/Emotion/Processed/Neutral/LJ029-0113.wav|gave more people an opportunity to participate.
/rds/general/user/ak8224/home/emoji_project/data/Emotion/Processed/Neutral/LJ029-0128.wav|going one block north and then turning left onto Elm.
/rds/general/user/ak8224/home/emoji_project/data/Emotion/Processed/Neutral/LJ029-0136.wav|through the underpass and leads into an access road,
/rds/general/user/ak8224/home/emoji_project/data/Emotion/Processed/Neutral/LJ029-0162.wav|The motorcade will then pass through downtown on Harwood
/rds/general/user/ak8224/home/emoji_project/data/Emotion/Processed/Neutral/LJ030-0002.wav|Chapter two. The Assassination: Part two.
/rds/general/user/ak8224/home/emoji_project/data/Emotion/Processed/Neutral/LJ030-0029.wav|After a welcome from the Dallas reception committee,
/rds/general/user/ak8224/home/emoji_project/data/Emotion/Processed/Neutral/LJ030-0094.wav|Driven by an officer of the Dallas Police Department,
/rds/general/user/ak8224/home/emoji_project/data/Emotion/Processed/Neutral/LJ030-0101.wav|Admiral George G. Burkley, physician to the President,
/rds/general/user/ak8224/home/emoji_project/data/Emotion/Processed/Neutral/LJ030-0107.wav|Presidential car, Presidential follow-up car,
/rds/general/user/ak8224/home/emoji_project/data/Emotion/Processed/Neutral/LJ030-0129.wav|and headed toward the Texas School Book Depository Building.
/rds/general/user/ak8224/home/emoji_project/data/Emotion/Processed/Neutral/LJ030-0174.wav|Unable to see the President as he turned to the right,
/rds/general/user/ak8224/home/emoji_project/data/Emotion/Processed/Neutral/LJ030-0197.wav|At first Mrs. Connally thought that her husband had been killed,
/rds/general/user/ak8224/home/emoji_project/data/Emotion/Processed/Neutral/LJ030-0203.wav|From the left front running board of the President's follow-up car,
/rds/general/user/ak8224/home/emoji_project/data/Emotion/Processed/Neutral/LJ030-0212.wav|At about the time he reached the President's automobile,
/rds/general/user/ak8224/home/emoji_project/data/Emotion/Processed/Neutral/LJ031-0067.wav|A femoral pulse was also detected in the President's leg.
/rds/general/user/ak8224/home/emoji_project/data/Emotion/Processed/Neutral/LJ031-0070.wav|Dr. Clark, who most closely observed the head wound,
/rds/general/user/ak8224/home/emoji_project/data/Emotion/Processed/Neutral/LJ031-0089.wav|considerable time which at this juncture was not available.
/rds/general/user/ak8224/home/emoji_project/data/Emotion/Processed/Neutral/LJ031-0113.wav|This operation was concluded at three:twenty p.m.
/rds/general/user/ak8224/home/emoji_project/data/Emotion/Processed/Neutral/LJ031-0117.wav|assisted by Drs. William Osborne and John Parker.
/rds/general/user/ak8224/home/emoji_project/data/Emotion/Processed/Neutral/LJ031-0147.wav|Secret Service Emergency Security Arrangements
/rds/general/user/ak8224/home/emoji_project/data/Emotion/Processed/Neutral/LJ031-0194.wav|At five:fifty-eight p.m. Eastern Standard Time,
/rds/general/user/ak8224/home/emoji_project/data/Emotion/Processed/Neutral/LJ032-0002.wav|Chapter four. The Assassin: Part one.
/rds/general/user/ak8224/home/emoji_project/data/Emotion/Processed/Neutral/LJ032-0023.wav|to Klein's Sporting Goods Co., of Chicago, Illinois.
/rds/general/user/ak8224/home/emoji_project/data/Emotion/Processed/Neutral/LJ032-0024.wav|After searching their records from ten p.m. to four a.m.
/rds/general/user/ak8224/home/emoji_project/data/Emotion/Processed/Neutral/LJ032-0041.wav|These words were also in the handwriting of Lee Harvey Oswald.
/rds/general/user/ak8224/home/emoji_project/data/Emotion/Processed/Neutral/LJ032-0056.wav|bearing serial number C two seven six six.
/rds/general/user/ak8224/home/emoji_project/data/Emotion/Processed/Neutral/LJ032-0122.wav|At eleven:forty-five p.m. on November twenty-two,
/rds/general/user/ak8224/home/emoji_project/data/Emotion/Processed/Neutral/LJ032-0138.wav|Nor was there any indication that the lift had been performed.
/rds/general/user/ak8224/home/emoji_project/data/Emotion/Processed/Neutral/LJ032-0223.wav|and that Oswald's face had not been superimposed on another body.
/rds/general/user/ak8224/home/emoji_project/data/Emotion/Processed/Neutral/LJ032-0240.wav|By Sunday, March thirty-one, nineteen sixty-three,
/rds/general/user/ak8224/home/emoji_project/data/Emotion/Processed/Neutral/LJ032-0261.wav|When he appeared before the Commission, Michael Paine lifted the blanket
/rds/general/user/ak8224/home/emoji_project/data/Emotion/Processed/Neutral/LJ032-0266.wav|Paul M. Stombaugh, of the FBI Laboratory,
/rds/general/user/ak8224/home/emoji_project/data/Emotion/Processed/Neutral/LJ033-0002.wav|Chapter four. The Assassin: Part two.
/rds/general/user/ak8224/home/emoji_project/data/Emotion/Processed/Neutral/LJ033-0013.wav|During October and November of nineteen sixty-three,
/rds/general/user/ak8224/home/emoji_project/data/Emotion/Processed/Neutral/LJ033-0076.wav|On the morning of November twenty-two, nineteen sixty-three,
/rds/general/user/ak8224/home/emoji_project/data/Emotion/Processed/Neutral/LJ033-0101.wav|so that it was carried straight and parallel to his body.
/rds/general/user/ak8224/home/emoji_project/data/Emotion/Processed/Neutral/LJ033-0104.wav|When Frazier entered the building, he did not see Oswald.
/rds/general/user/ak8224/home/emoji_project/data/Emotion/Processed/Neutral/LJ033-0122.wav|Mrs. Randle said, when shown the paper bag,
/rds/general/user/ak8224/home/emoji_project/data/Emotion/Processed/Neutral/LJ033-0147.wav|Oswald's fingerprint and palmprint found on bag.
/rds/general/user/ak8224/home/emoji_project/data/Emotion/Processed/Neutral/LJ033-0158.wav|The palmprint was found on the closed end of the bag.
/rds/general/user/ak8224/home/emoji_project/data/Emotion/Processed/Neutral/LJ034-0020.wav|The cartons were forwarded to the FBI in Washington.
/rds/general/user/ak8224/home/emoji_project/data/Emotion/Processed/Neutral/LJ034-0031.wav|The box on the floor, behind the three near the window,
/rds/general/user/ak8224/home/emoji_project/data/Emotion/Processed/Neutral/LJ034-0081.wav|Givens thought this was about eleven:fifty-five a.m.
/rds/general/user/ak8224/home/emoji_project/data/Emotion/Processed/Neutral/LJ034-0093.wav|Brennan also testified that Lee Harvey Oswald,
/rds/general/user/ak8224/home/emoji_project/data/Emotion/Processed/Neutral/LJ034-0097.wav|The window was approximately one hundred twenty feet away.
/rds/general/user/ak8224/home/emoji_project/data/Emotion/Processed/Neutral/LJ034-0105.wav|In his sworn statement to the police later that day,
/rds/general/user/ak8224/home/emoji_project/data/Emotion/Processed/Neutral/LJ034-0117.wav|At one:twenty-nine p.m. the police radio reported
/rds/general/user/ak8224/home/emoji_project/data/Emotion/Processed/Neutral/LJ034-0129.wav|establishes that they were either squatting or kneeling.
/rds/general/user/ak8224/home/emoji_project/data/Emotion/Processed/Neutral/LJ034-0134.wav|Shortly after the assassination Brennan noticed
/rds/general/user/ak8224/home/emoji_project/data/Emotion/Processed/Neutral/LJ034-0143.wav|but he said he was unable to make a positive identification.
/rds/general/user/ak8224/home/emoji_project/data/Emotion/Processed/Neutral/LJ034-0163.wav|The Commission is satisfied that, at the least,
/rds/general/user/ak8224/home/emoji_project/data/Emotion/Processed/Neutral/LJ034-0195.wav|based on other evidence, to have fired the shots from the window.
/rds/general/user/ak8224/home/emoji_project/data/Emotion/Processed/Neutral/LJ035-0012.wav|At about this time he heard the first shot.
/rds/general/user/ak8224/home/emoji_project/data/Emotion/Processed/Neutral/LJ035-0014.wav|it sounded high and I immediately kind of looked up,
/rds/general/user/ak8224/home/emoji_project/data/Emotion/Processed/Neutral/LJ035-0061.wav|In fact, he didn't change his expression one bit, end quote.
/rds/general/user/ak8224/home/emoji_project/data/Emotion/Processed/Neutral/LJ035-0081.wav|The second test followed immediately after the first.
/rds/general/user/ak8224/home/emoji_project/data/Emotion/Processed/Neutral/LJ035-0088.wav|park it, and run forty-five feet to the building.
/rds/general/user/ak8224/home/emoji_project/data/Emotion/Processed/Neutral/LJ035-0103.wav|There was no elevator on the third or fourth floor.
/rds/general/user/ak8224/home/emoji_project/data/Emotion/Processed/Neutral/LJ035-0116.wav|Three employees -- James Jarman, Jr.,
/rds/general/user/ak8224/home/emoji_project/data/Emotion/Processed/Neutral/LJ035-0150.wav|As she approached her desk, she saw Oswald.
/rds/general/user/ak8224/home/emoji_project/data/Emotion/Processed/Neutral/LJ036-0002.wav|Chapter four. The Assassin: Part five.
/rds/general/user/ak8224/home/emoji_project/data/Emotion/Processed/Neutral/LJ036-0025.wav|McWatters was sure that he left the checkpoint on time
/rds/general/user/ak8224/home/emoji_project/data/Emotion/Processed/Neutral/LJ036-0035.wav|The man was on the bus approximately four minutes.
/rds/general/user/ak8224/home/emoji_project/data/Emotion/Processed/Neutral/LJ036-0064.wav|Marsalis Street is seven blocks from Beckley.
/rds/general/user/ak8224/home/emoji_project/data/Emotion/Processed/Neutral/LJ036-0112.wav|Whaley said that Oswald was the man under Number two.
/rds/general/user/ak8224/home/emoji_project/data/Emotion/Processed/Neutral/LJ036-0139.wav|He gave me a dollar bill, the trip was ninety-five cents.
/rds/general/user/ak8224/home/emoji_project/data/Emotion/Processed/Neutral/LJ036-0145.wav|However, Neches and Beckley do not intersect.
/rds/general/user/ak8224/home/emoji_project/data/Emotion/Processed/Neutral/LJ036-0152.wav|This was the seven hundred block of North Beckley
/rds/general/user/ak8224/home/emoji_project/data/Emotion/Processed/Neutral/LJ036-0161.wav|Oswald was wearing such a bracelet when he was arrested.
/rds/general/user/ak8224/home/emoji_project/data/Emotion/Processed/Neutral/LJ036-0218.wav|Four bullets hit Tippit and killed him instantly.
/rds/general/user/ak8224/home/emoji_project/data/Emotion/Processed/Neutral/LJ037-0002.wav|Chapter four. The Assassin: Part six.
/rds/general/user/ak8224/home/emoji_project/data/Emotion/Processed/Neutral/LJ037-0030.wav|quote, We've had a shooting out here, end quote,
/rds/general/user/ak8224/home/emoji_project/data/Emotion/Processed/Neutral/LJ037-0032.wav|Benavides never saw Oswald after the arrest.
/rds/general/user/ak8224/home/emoji_project/data/Emotion/Processed/Neutral/LJ037-0034.wav|As a result, they did not take him to the police station.
/rds/general/user/ak8224/home/emoji_project/data/Emotion/Processed/Neutral/LJ037-0126.wav|located on the southeast corner of this intersection.
/rds/general/user/ak8224/home/emoji_project/data/Emotion/Processed/Neutral/LJ037-0222.wav|When Oswald was arrested, he did not have a jacket.
/rds/general/user/ak8224/home/emoji_project/data/Emotion/Processed/Neutral/LJ037-0239.wav|She confirmed this interview by a sworn affidavit.
/rds/general/user/ak8224/home/emoji_project/data/Emotion/Processed/Neutral/LJ038-0006.wav|police sirens sounded along Jefferson Boulevard.
/rds/general/user/ak8224/home/emoji_project/data/Emotion/Processed/Neutral/LJ038-0026.wav|Other policemen entered the front door and searched the balcony.
/rds/general/user/ak8224/home/emoji_project/data/Emotion/Processed/Neutral/LJ038-0033.wav|He walked out of the row up the right center aisle.
/rds/general/user/ak8224/home/emoji_project/data/Emotion/Processed/Neutral/LJ038-0049.wav|Although the witnesses did not hear the sound of a misfire,
/rds/general/user/ak8224/home/emoji_project/data/Emotion/Processed/Neutral/LJ038-0051.wav|Two patrons of the theatre and John Brewer
/rds/general/user/ak8224/home/emoji_project/data/Emotion/Processed/Neutral/LJ038-0141.wav|therefore, he made his weekly visit on Thursday night.
/rds/general/user/ak8224/home/emoji_project/data/Emotion/Processed/Neutral/LJ038-0144.wav|that must have been some other time he picked me up, end quote,
/rds/general/user/ak8224/home/emoji_project/data/Emotion/Processed/Neutral/LJ038-0155.wav|The next day, Oswald added to his story.
/rds/general/user/ak8224/home/emoji_project/data/Emotion/Processed/Neutral/LJ038-0164.wav|The Attempt on the Life of Maj. Gen. Edwin A. Walker
/rds/general/user/ak8224/home/emoji_project/data/Emotion/Processed/Neutral/LJ038-0187.wav|I paid for the box last month so don't worry about it.
/rds/general/user/ak8224/home/emoji_project/data/Emotion/Processed/Neutral/LJ038-0271.wav|It was a six point five-millimeter bullet
/rds/general/user/ak8224/home/emoji_project/data/Emotion/Processed/Neutral/LJ038-0279.wav|I think is going overboard in the other direction.
/rds/general/user/ak8224/home/emoji_project/data/Emotion/Processed/Neutral/LJ039-0041.wav|I am getting a little confused with so many questions.
/rds/general/user/ak8224/home/emoji_project/data/Emotion/Processed/Neutral/LJ039-0072.wav|From my own experience in shooting over the years,
/rds/general/user/ak8224/home/emoji_project/data/Emotion/Processed/Neutral/LJ039-0082.wav|this is the ideal type of weapon for moving targets
/rds/general/user/ak8224/home/emoji_project/data/Emotion/Processed/Neutral/LJ039-0113.wav|as a, quote, rather poor shot, end quote.
/rds/general/user/ak8224/home/emoji_project/data/Emotion/Processed/Neutral/LJ039-0130.wav|After reviewing Oswald's marksmanship scores,
/rds/general/user/ak8224/home/emoji_project/data/Emotion/Processed/Neutral/LJ039-0133.wav|Oswald's Rifle Practice Outside the Marines
/rds/general/user/ak8224/home/emoji_project/data/Emotion/Processed/Neutral/LJ039-0140.wav|Soon after Oswald returned from the Soviet Union
/rds/general/user/ak8224/home/emoji_project/data/Emotion/Processed/Neutral/LJ039-0152.wav|It will be recalled from the discussion in chapter three
/rds/general/user/ak8224/home/emoji_project/data/Emotion/Processed/Neutral/LJ039-0168.wav|each fired two series of three shots.
/rds/general/user/ak8224/home/emoji_project/data/Emotion/Processed/Neutral/LJ039-0170.wav|and eight point two five seconds respectively.
/rds/general/user/ak8224/home/emoji_project/data/Emotion/Processed/Neutral/LJ039-0205.wav|five point six, and six point five seconds.
/rds/general/user/ak8224/home/emoji_project/data/Emotion/Processed/Neutral/LJ039-0228.wav|Concerning the shots which struck the President in the back of the neck,
/rds/general/user/ak8224/home/emoji_project/data/Emotion/Processed/Neutral/LJ040-0047.wav|That associate did not think that Oswald was a Communist.
/rds/general/user/ak8224/home/emoji_project/data/Emotion/Processed/Neutral/LJ040-0084.wav|dwelling on the fact that she was a widow with three children.
/rds/general/user/ak8224/home/emoji_project/data/Emotion/Processed/Neutral/LJ040-0090.wav|Pic did turn over part of his income to his mother,
/rds/general/user/ak8224/home/emoji_project/data/Emotion/Processed/Neutral/LJ040-0099.wav|When she worked for a time as an insurance saleslady,
/rds/general/user/ak8224/home/emoji_project/data/Emotion/Processed/Neutral/LJ040-0108.wav|which became more significant as the children grew older.
/rds/general/user/ak8224/home/emoji_project/data/Emotion/Processed/Neutral/LJ040-0132.wav|with Puerto Ricans and Negroes and everything, end quote.
/rds/general/user/ak8224/home/emoji_project/data/Emotion/Processed/Neutral/LJ040-0153.wav|Dr. Hartogs summarized his report by stating:
/rds/general/user/ak8224/home/emoji_project/data/Emotion/Processed/Neutral/LJ041-0003.wav|Return to New Orleans and Joining the Marine Corps
/rds/general/user/ak8224/home/emoji_project/data/Emotion/Processed/Neutral/LJ041-0071.wav|His Marine career was not helped by his attitude
/rds/general/user/ak8224/home/emoji_project/data/Emotion/Processed/Neutral/LJ041-0097.wav|According to Powers, Oswald said, quote,
/rds/general/user/ak8224/home/emoji_project/data/Emotion/Processed/Neutral/LJ041-0156.wav|he preferred the, quote, Red Army, end quote.
/rds/general/user/ak8224/home/emoji_project/data/Emotion/Processed/Neutral/LJ041-0162.wav|Thornley also testified about an incident which grew
/rds/general/user/ak8224/home/emoji_project/data/Emotion/Processed/Neutral/LJ041-0188.wav|The eyes of the future became the eyes of God.
/rds/general/user/ak8224/home/emoji_project/data/Emotion/Processed/Neutral/LJ042-0003.wav|Background and Possible Motives, Part three.
/rds/general/user/ak8224/home/emoji_project/data/Emotion/Processed/Neutral/LJ042-0043.wav|Ask me and I will tell you I fight for communism.
/rds/general/user/ak8224/home/emoji_project/data/Emotion/Processed/Neutral/LJ042-0080.wav|My request for the revoking of my American citizenship
/rds/general/user/ak8224/home/emoji_project/data/Emotion/Processed/Neutral/LJ042-0094.wav|The Soviet authorities denied Oswald permission
/rds/general/user/ak8224/home/emoji_project/data/Emotion/Processed/Neutral/LJ042-0111.wav|Jeanne De Mohrenschildt, another member of that group,
/rds/general/user/ak8224/home/emoji_project/data/Emotion/Processed/Neutral/LJ042-0116.wav|Under the entry for May one, nineteen sixty,
/rds/general/user/ak8224/home/emoji_project/data/Emotion/Processed/Neutral/LJ042-0170.wav|There are two great representatives of power in the world,
/rds/general/user/ak8224/home/emoji_project/data/Emotion/Processed/Neutral/LJ042-0237.wav|He apparently concluded that the United States offered, quote,
/rds/general/user/ak8224/home/emoji_project/data/Emotion/Processed/Neutral/LJ043-0003.wav|Background and Possible Motives, Part four.
/rds/general/user/ak8224/home/emoji_project/data/Emotion/Processed/Neutral/LJ043-0052.wav|Oswald objected to his mother visiting the apartment
/rds/general/user/ak8224/home/emoji_project/data/Emotion/Processed/Neutral/LJ043-0056.wav|Even though Oswald cut off relations with his mother,
/rds/general/user/ak8224/home/emoji_project/data/Emotion/Processed/Neutral/LJ043-0086.wav|through a work-study program at a local college.
/rds/general/user/ak8224/home/emoji_project/data/Emotion/Processed/Neutral/LJ043-0097.wav|In February or March of nineteen sixty-three,
/rds/general/user/ak8224/home/emoji_project/data/Emotion/Processed/Neutral/LJ043-0106.wav|it didn't do his case any good, end quote.
/rds/general/user/ak8224/home/emoji_project/data/Emotion/Processed/Neutral/LJ043-0112.wav|Mrs. Paine brought Oswald's family to New Orleans.
/rds/general/user/ak8224/home/emoji_project/data/Emotion/Processed/Neutral/LJ043-0167.wav|Even after his wife told him to destroy the notebook
/rds/general/user/ak8224/home/emoji_project/data/Emotion/Processed/Neutral/LJ043-0173.wav|and the trail of evidence he left behind him on that occasion.
/rds/general/user/ak8224/home/emoji_project/data/Emotion/Processed/Neutral/LJ044-0012.wav|he had printed a handbill headed in large letters, quote,
/rds/general/user/ak8224/home/emoji_project/data/Emotion/Processed/Neutral/LJ044-0014.wav|the New Orleans branch of the Fair Play for Cuba Committee.
/rds/general/user/ak8224/home/emoji_project/data/Emotion/Processed/Neutral/LJ044-0063.wav|and actually had only one thousand printed.
/rds/general/user/ak8224/home/emoji_project/data/Emotion/Processed/Neutral/LJ044-0084.wav|brought out the history of his defection to the Soviet Union.
/rds/general/user/ak8224/home/emoji_project/data/Emotion/Processed/Neutral/LJ044-0105.wav|He presented Arnold Johnson, Gus Hall,
/rds/general/user/ak8224/home/emoji_project/data/Emotion/Processed/Neutral/LJ044-0117.wav|that there were people who understood his activity, end quote.
/rds/general/user/ak8224/home/emoji_project/data/Emotion/Processed/Neutral/LJ044-0154.wav|she wrote in her letter of July nineteen sixty-three,
/rds/general/user/ak8224/home/emoji_project/data/Emotion/Processed/Neutral/LJ044-0164.wav|primarily for purposes of self-advertising.
/rds/general/user/ak8224/home/emoji_project/data/Emotion/Processed/Neutral/LJ044-0169.wav|In September he began to review Spanish.
/rds/general/user/ak8224/home/emoji_project/data/Emotion/Processed/Neutral/LJ044-0224.wav|would not agree with that particular wording, end quote.
/rds/general/user/ak8224/home/emoji_project/data/Emotion/Processed/Neutral/LJ045-0037.wav|after his recent rebuffs in Mexico City
/rds/general/user/ak8224/home/emoji_project/data/Emotion/Processed/Neutral/LJ045-0072.wav|There can be little doubt that some provocation existed.
/rds/general/user/ak8224/home/emoji_project/data/Emotion/Processed/Neutral/LJ045-0092.wav|as to the fact that he was an outstanding man, end quote.
/rds/general/user/ak8224/home/emoji_project/data/Emotion/Processed/Neutral/LJ045-0109.wav|On Sunday, November seventeen, nineteen sixty-three,
/rds/general/user/ak8224/home/emoji_project/data/Emotion/Processed/Neutral/LJ045-0141.wav|in an increasingly complex conspiracy against him.
/rds/general/user/ak8224/home/emoji_project/data/Emotion/Processed/Neutral/LJ045-0143.wav|and use it against him as had been done in New Orleans.
/rds/general/user/ak8224/home/emoji_project/data/Emotion/Processed/Neutral/LJ045-0160.wav|Question: And how did he show that he was upset?
/rds/general/user/ak8224/home/emoji_project/data/Emotion/Processed/Neutral/LJ045-0184.wav|Then on Thursday morning, November twenty-one,
/rds/general/user/ak8224/home/emoji_project/data/Emotion/Processed/Neutral/LJ045-0221.wav|It is unlikely that the motivation was that simple.
/rds/general/user/ak8224/home/emoji_project/data/Emotion/Processed/Neutral/LJ045-0223.wav|were part of his character long before he met his wife
/rds/general/user/ak8224/home/emoji_project/data/Emotion/Processed/Neutral/LJ045-0238.wav|and in the face of the overwhelming evidence against him
/rds/general/user/ak8224/home/emoji_project/data/Emotion/Processed/Neutral/LJ046-0004.wav|four Presidents of the United States have been assassinated
/rds/general/user/ak8224/home/emoji_project/data/Emotion/Processed/Neutral/LJ046-0018.wav|to which the events of last November called attention.
/rds/general/user/ak8224/home/emoji_project/data/Emotion/Processed/Neutral/LJ046-0024.wav|to the Bureau of the Budget for review and approval.
/rds/general/user/ak8224/home/emoji_project/data/Emotion/Processed/Neutral/LJ046-0046.wav|In all of these roles the President must go to the people.
/rds/general/user/ak8224/home/emoji_project/data/Emotion/Processed/Neutral/LJ046-0057.wav|or Thomas Jefferson from Washington to Monticello.
/rds/general/user/ak8224/home/emoji_project/data/Emotion/Processed/Neutral/LJ046-0168.wav|of which there are sixty-five throughout the country.
/rds/general/user/ak8224/home/emoji_project/data/Emotion/Processed/Neutral/LJ046-0170.wav|which requires a checkup at least, every six months.
/rds/general/user/ak8224/home/emoji_project/data/Emotion/Processed/Neutral/LJ046-0175.wav|If PRS concludes after investigation
/rds/general/user/ak8224/home/emoji_project/data/Emotion/Processed/Neutral/LJ046-0188.wav|In summary, at the time of the assassination
/rds/general/user/ak8224/home/emoji_project/data/Emotion/Processed/Neutral/LJ047-0084.wav|and his application was approved on the following day.
/rds/general/user/ak8224/home/emoji_project/data/Emotion/Processed/Neutral/LJ047-0121.wav|stated the Bureau's reasoning in this way, quote,
/rds/general/user/ak8224/home/emoji_project/data/Emotion/Processed/Neutral/LJ047-0133.wav|Soon after, on October one, nineteen sixty-three,
/rds/general/user/ak8224/home/emoji_project/data/Emotion/Processed/Neutral/LJ047-0195.wav|Nonreferral of Oswald to the Secret Service.
/rds/general/user/ak8224/home/emoji_project/data/Emotion/Processed/Neutral/LJ048-0033.wav|Prior to November twenty-two, nineteen sixty-three
/rds/general/user/ak8224/home/emoji_project/data/Emotion/Processed/Neutral/LJ048-0050.wav|This conclusion may be tinged with hindsight, but
/rds/general/user/ak8224/home/emoji_project/data/Emotion/Processed/Neutral/LJ048-0052.wav|and less narrow interpretation of their responsibilities.
/rds/general/user/ak8224/home/emoji_project/data/Emotion/Processed/Neutral/LJ048-0056.wav|Had such a review been undertaken by the FBI,
/rds/general/user/ak8224/home/emoji_project/data/Emotion/Processed/Neutral/LJ048-0074.wav|To insure adequate and effective liaison arrangements,
/rds/general/user/ak8224/home/emoji_project/data/Emotion/Processed/Neutral/LJ048-0135.wav|Liaison with local law enforcement authorities.
/rds/general/user/ak8224/home/emoji_project/data/Emotion/Processed/Neutral/LJ048-0152.wav|At some overpasses all persons were excluded
/rds/general/user/ak8224/home/emoji_project/data/Emotion/Processed/Neutral/LJ048-0156.wav|and suggested the desirability of such a statement.
/rds/general/user/ak8224/home/emoji_project/data/Emotion/Processed/Neutral/LJ048-0194.wav|during the morning of November twenty-two prior to the motorcade.
/rds/general/user/ak8224/home/emoji_project/data/Emotion/Processed/Neutral/LJ048-0238.wav|one agent was there from two until five a.m.
/rds/general/user/ak8224/home/emoji_project/data/Emotion/Processed/Neutral/LJ049-0010.wav|who responded to the unplanned event with dispatch.
/rds/general/user/ak8224/home/emoji_project/data/Emotion/Processed/Neutral/LJ049-0018.wav|which was neither bulletproof nor bullet resistant.
/rds/general/user/ak8224/home/emoji_project/data/Emotion/Processed/Neutral/LJ049-0024.wav|has developed a vehicle for the better protection of the President.
/rds/general/user/ak8224/home/emoji_project/data/Emotion/Processed/Neutral/LJ049-0025.wav|Access to passenger compartment of Presidential car.
/rds/general/user/ak8224/home/emoji_project/data/Emotion/Processed/Neutral/LJ049-0124.wav|In addition, the proposed legislation will insure
/rds/general/user/ak8224/home/emoji_project/data/Emotion/Processed/Neutral/LJ049-0213.wav|There are always dangers of divided responsibility,
/rds/general/user/ak8224/home/emoji_project/data/Emotion/Processed/Neutral/LJ049-0219.wav|These considerations have induced the Commission to believe
/rds/general/user/ak8224/home/emoji_project/data/Emotion/Processed/Neutral/LJ049-0224.wav|and services related to the security of the President.
/rds/general/user/ak8224/home/emoji_project/data/Emotion/Processed/Neutral/LJ050-0017.wav|to be able to provide effective continuing supervision
/rds/general/user/ak8224/home/emoji_project/data/Emotion/Processed/Neutral/LJ050-0095.wav|The U.S. government has no charges or complaints against me.
/rds/general/user/ak8224/home/emoji_project/data/Emotion/Processed/Neutral/LJ050-0107.wav|Liaison with other agencies regarding intelligence.
/rds/general/user/ak8224/home/emoji_project/data/Emotion/Processed/Neutral/LJ050-0126.wav|the Secret Service, through its field offices,
/rds/general/user/ak8224/home/emoji_project/data/Emotion/Processed/Neutral/LJ050-0150.wav|Its present manual filing system is obsolete;
/rds/general/user/ak8224/home/emoji_project/data/Emotion/Processed/Neutral/LJ050-0182.wav|Liaison With Local Law Enforcement Agencies
/rds/general/user/ak8224/home/emoji_project/data/Emotion/Processed/Neutral/LJ050-0184.wav|has hitherto been handled on an informal basis.
/rds/general/user/ak8224/home/emoji_project/data/Emotion/Processed/Neutral/LJ050-0203.wav|in this crucial area of Presidential protection.
/rds/general/user/ak8224/home/emoji_project/data/Emotion/Processed/Neutral/LJ050-0209.wav|The assistant to the Director of the FBI testified that
/rds/general/user/ak8224/home/emoji_project/data/Emotion/Processed/Neutral/LJ050-0230.wav|Manpower and Technical Assistance From Other Agencies
/rds/general/user/ak8224/home/emoji_project/data/Emotion/Processed/Neutral/LJ050-0236.wav|Thus, in the four months following the assassination,
/rds/general/user/ak8224/home/emoji_project/data/Emotion/Processed/Neutral/LJ050-0238.wav|which represents a departure from its prior practice.
/rds/general/user/ak8224/home/emoji_project/data/Emotion/Processed/Neutral/LJ050-0251.wav|the amount of assistance that it can expect from other agencies.
